X1_Horas_Actuales,X2_Frec_Semanal,X3_Horas_Fallidas,X4_Semanas_Restantes,X5_Disp_Neta_Restante,X6_Antiguedad,X7_Tipo_Carrera,X8_Beca,X9_Carrera_Id,Y_Horas_Totales_Finales
54.0,1.3333333333333333,3.0,8,50.0,2.0,0.0,0.75,0.0,169.5
7.0,0.25,11.0,8,50.0,2.0,0.0,0.5,1.0,31.0
2.5,0.08333333333333333,11.0,8,50.0,2.0,0.0,0.5,2.0,25.5
3.0,0.25,10.0,8,50.0,2.0,0.0,0.75,3.0,4.0
54.0,1.6666666666666667,5.0,8,50.0,2.0,0.0,1.0,4.0,106.0
0.0,0.0,12.0,8,50.0,2.0,0.0,0.5,5.0,3.0
5.5,0.25,10.0,8,50.0,2.0,0.0,0.5,5.0,48.0
6.0,0.16666666666666666,10.0,8,50.0,2.0,0.0,1.0,5.0,102.0
24.5,0.16666666666666666,11.0,8,50.0,2.0,0.0,0.75,5.0,75.5
7.5,0.16666666666666666,10.0,8,50.0,0.0,0.0,0.5,6.0,42.5
6.0,0.08333333333333333,11.0,8,50.0,2.0,0.0,0.5,7.0,15.0
1.5,0.08333333333333333,11.0,8,50.0,0.0,0.0,0.5,6.0,6.5
31.5,0.16666666666666666,10.0,8,50.0,2.0,0.0,0.5,8.0,65.5
8.0,0.08333333333333333,11.0,8,50.0,3.0,0.0,0.75,9.0,31.5
4.5,0.16666666666666666,11.0,8,50.0,0.0,0.0,0.5,6.0,52.5
5.5,0.25,9.0,8,50.0,2.0,0.0,0.5,10.0,45.0
4.5,0.16666666666666666,10.0,8,50.0,2.0,1.0,0.75,11.0,78.5
4.5,0.25,9.0,8,50.0,2.0,1.0,0.5,11.0,73.0
3.0,0.08333333333333333,11.0,8,50.0,2.0,1.0,1.0,11.0,77.0
12.0,0.25,10.0,8,50.0,0.0,0.0,0.5,6.0,40.5
27.5,0.5833333333333334,7.0,8,50.0,2.0,0.0,1.0,12.0,92.0
31.0,0.6666666666666666,7.0,8,50.0,1.0,0.0,0.5,1.0,89.0
38.5,1.0833333333333333,4.0,8,50.0,2.0,0.0,0.5,2.0,115.0
0.0,0.0,12.0,8,50.0,1.0,0.0,0.75,13.0,25.0
5.0,0.25,9.0,8,50.0,2.0,0.0,1.0,5.0,54.5
37.5,0.6666666666666666,6.0,8,50.0,1.0,0.0,0.9,5.0,141.5
26.5,0.75,7.0,8,50.0,2.0,0.0,0.75,5.0,57.5
3.0,0.25,9.0,8,50.0,2.0,0.0,0.5,14.0,53.5
10.0,0.25,11.0,8,50.0,2.0,0.0,0.75,15.0,22.0
8.0,0.25,10.0,8,50.0,0.0,0.0,0.5,6.0,51.0
12.0,0.5,9.0,8,50.0,1.0,0.0,0.5,16.0,50.5
14.5,0.4166666666666667,8.0,8,50.0,2.0,0.0,1.0,8.0,55.5
46.0,1.75,1.0,8,50.0,2.0,0.0,0.75,8.0,165.0
0.0,0.0,12.0,8,50.0,2.0,0.0,0.75,17.0,64.5
0.0,0.0,12.0,8,50.0,0.0,0.0,0.5,6.0,31.0
11.0,0.4166666666666667,7.0,8,50.0,1.0,0.0,0.5,18.0,42.0
3.0,0.16666666666666666,10.0,8,50.0,1.0,0.0,0.5,10.0,53.0
24.0,0.5833333333333334,6.0,8,50.0,1.0,0.0,1.0,10.0,69.0
14.5,0.5,7.0,8,50.0,1.0,0.0,0.75,10.0,54.0
11.0,0.5,8.0,8,50.0,1.0,0.0,0.5,10.0,61.5
4.5,0.25,10.0,8,50.0,2.0,0.0,1.0,10.0,50.5
2.0,0.08333333333333333,11.0,8,50.0,1.0,0.0,0.5,19.0,6.0
48.0,1.0833333333333333,4.0,8,50.0,2.0,1.0,0.75,11.0,71.5
1.0,0.08333333333333333,11.0,8,50.0,2.0,1.0,0.5,11.0,77.0
6.0,0.16666666666666666,10.0,8,50.0,2.0,1.0,0.5,11.0,51.5
11.0,0.5,7.0,8,50.0,2.0,1.0,0.75,11.0,55.5
1.5,0.08333333333333333,11.0,8,50.0,0.0,0.0,0.5,6.0,52.5
12.0,0.25,10.0,8,50.0,0.0,0.0,0.5,6.0,35.0
3.0,0.08333333333333333,11.0,8,50.0,2.0,0.0,0.75,20.0,51.0
0.0,0.0,12.0,8,50.0,0.0,0.0,1.0,21.0,49.0
10.0,0.3333333333333333,9.0,8,50.0,1.0,1.0,1.0,11.0,37.0
6.0,0.3333333333333333,10.0,8,50.0,1.0,0.0,1.0,22.0,58.0
3.0,0.08333333333333333,11.0,8,50.0,1.0,0.0,1.0,21.0,65.0
1.5,0.08333333333333333,11.0,8,50.0,1.0,0.0,1.0,23.0,62.0
0.0,0.0,12.0,8,50.0,1.0,1.0,0.75,11.0,20.0
0.0,0.0,12.0,8,50.0,1.0,1.0,0.75,11.0,49.5
8.5,0.25,9.0,8,50.0,0.0,0.0,0.75,23.0,64.5
0.0,0.0,12.0,8,50.0,1.0,0.0,0.75,24.0,39.0
7.0,0.16666666666666666,11.0,8,50.0,1.0,0.0,0.5,24.0,57.5
7.5,0.25,10.0,8,50.0,0.0,0.0,0.5,25.0,23.0
7.5,0.25,11.0,8,50.0,0.0,0.0,0.5,25.0,94.0
0.0,0.0,12.0,8,50.0,1.0,0.0,0.5,26.0,57.5
10.0,0.3333333333333333,9.0,8,50.0,1.0,1.0,0.5,11.0,62.5
0.0,0.0,12.0,8,50.0,0.0,0.0,0.5,27.0,65.5
3.5,0.16666666666666666,11.0,8,50.0,0.0,0.0,0.5,27.0,63.5
6.147858680050295,0.21488821491260532,10.721673794937018,8,50.0,0.0,0.0,0.5,25.0,88.8384908741109
11.325359937195742,0.1693186515463198,11.049111107077964,8,50.0,0.0,0.0,0.5,27.0,64.47667940393718
8.283204984086563,0.3913270028107595,8.094392559692592,8,50.0,2.0,1.0,0.75,11.0,56.754682982696664
6.065602267563814,0.13074106035951047,11.135880986012452,8,50.0,0.0,0.0,0.5,6.0,45.09993396165527
24.930641757784993,0.42786146852446244,9.153099323881221,8,50.0,2.0,0.0,0.75,5.0,64.92718429719696
5.467083301202524,0.19642882372326279,10.565638675440157,8,50.0,1.0,0.0,0.5,24.0,55.49299845184753
0.0,0.0,12.380644035874884,8,50.0,2.0,0.0,0.5,5.0,30.641882043310126
6.586062501649325,0.18356232859218427,10.153024800903847,8,50.0,2.0,1.0,1.0,11.0,70.27790033343851
3.6774734779710996,0.2055281609272854,10.1266101014034,8,50.0,2.0,0.0,1.0,10.0,53.51562862328891
6.415039158926696,0.19453888377647924,10.406056647087256,8,50.0,1.0,0.0,0.5,24.0,56.53633671121166
8.806717296154693,0.3047255136267124,9.074468303991374,8,50.0,1.0,1.0,0.5,11.0,58.76553905995332
9.269441819914812,0.3904606198179043,7.718211382236494,8,50.0,2.0,1.0,0.75,11.0,54.03073726911949
20.2448703335965,0.5638572607729282,7.207120749896036,8,50.0,2.0,0.0,1.0,12.0,78.5967673823706
12.976365061138736,0.3815867403371798,8.306314719555829,8,50.0,2.0,0.0,1.0,8.0,49.69176447650591
4.5448299533296765,0.17623746846376231,11.151102993919382,8,50.0,0.0,0.0,0.5,25.0,71.2763841947896
0.0,0.0,12.157047757524975,8,50.0,1.0,1.0,0.75,11.0,49.22496060727588
0.0,0.0,11.78234316140598,8,50.0,1.0,1.0,0.75,11.0,29.35594209694608
18.0319691911292,0.5954514679520221,8.532849554063207,8,50.0,1.0,0.0,0.5,24.0,86.98393275846661
5.598966171116033,0.21189975143758671,10.180579674320796,8,50.0,1.0,0.0,0.5,19.0,20.839212676657557
4.2105830325783895,0.18029079692965239,9.624334504816758,8,50.0,2.0,0.0,0.5,10.0,29.907109523610032
7.0883133003161305,0.3519287866714216,8.860740295236573,8,50.0,2.0,0.0,1.0,10.0,50.492698668165254
13.402070733370001,0.3787861086724997,8.14618039394237,8,50.0,2.0,0.0,0.5,14.0,83.84391425821235
18.184271891938625,0.4073733854020514,8.650043097659832,8,50.0,2.0,0.0,1.0,12.0,84.91295026468053
22.246811433520268,0.612807451821845,7.070397549551458,8,50.0,1.0,0.0,0.5,10.0,99.21599337424936
18.62087186996904,0.4492669882790616,7.129011485270649,8,50.0,1.0,0.0,1.0,10.0,78.78977651836867
1.8408992237910058,0.04408162581584232,11.945179721099823,8,50.0,2.0,0.0,0.75,17.0,63.298474177461536
24.121880036784848,0.5245521024435761,7.6532639000919485,8,50.0,2.0,0.0,1.0,12.0,80.91322989510142
9.640020331852421,0.20073629712747723,10.199253363889428,8,50.0,0.0,0.0,0.5,6.0,38.57323220718986
11.317410204339412,0.4997320565336434,8.452247110231857,8,50.0,1.0,0.0,0.5,10.0,57.154859992164624
4.594547969996065,0.14482829794596971,10.386644606716779,8,50.0,0.0,0.0,0.5,6.0,39.07267965177273
11.097353848751911,0.33151963220799735,8.788925202364227,8,50.0,2.0,0.0,1.0,8.0,54.911562722843804
8.267564677773896,0.1927052499847709,9.977456516261304,8,50.0,0.0,0.0,0.5,6.0,42.155064917846495
29.325718304247186,0.7357024447340134,6.173632860240598,8,50.0,2.0,1.0,0.75,11.0,68.48175215804011
7.336934882463103,0.33655571369166654,9.35968586207808,8,50.0,1.0,0.0,0.5,10.0,50.00241358906638
11.365497254812986,0.2699483272545202,9.850971661994143,8,50.0,1.0,0.0,1.0,21.0,75.796448004787
2.7219391179593986,0.12251516660323371,10.945004896049067,8,50.0,1.0,0.0,0.5,26.0,56.19826593002613
9.245487096542762,0.2608250117245054,10.52752065786862,8,50.0,2.0,0.0,0.75,15.0,22.749689994347456
15.81590371655895,0.30877175235258525,9.593329902805632,8,50.0,1.0,0.0,0.5,24.0,78.70888660655388
0.0,0.0,11.864580576322227,8,50.0,1.0,1.0,0.75,11.0,38.46333711733007
19.57779323496157,0.48823948713306686,7.546488840079633,8,50.0,2.0,0.0,1.0,8.0,73.3960427382848
3.4478693216274876,0.12680633899890845,10.230137868519718,8,50.0,2.0,1.0,0.75,11.0,51.05532576788535
12.140461542953386,0.3103443255512563,9.884713658840873,8,50.0,0.0,0.0,0.5,6.0,47.204466993273044
1.741581532390808,0.0661116759523527,11.077070480460817,8,50.0,1.0,1.0,0.75,11.0,61.257970295028365
36.093287633271835,1.348083346009084,3.170970934387196,8,50.0,2.0,0.0,0.75,8.0,150.94822406935134
6.212140605072606,0.2526415151733346,10.932920599643738,8,50.0,2.0,0.0,0.5,1.0,34.81171472234456
8.71051918006489,0.40332236887070383,8.8879231148878,8,50.0,1.0,0.0,0.5,16.0,60.62626219787466
5.566083607343651,0.25287889891333226,10.215274399048235,8,50.0,2.0,0.0,1.0,10.0,40.81784887788705
14.786041779639847,0.32296985100597553,9.519410862409565,8,50.0,1.0,0.0,0.75,13.0,53.8954710409685
8.291805336836486,0.2553544761566981,9.189929399620203,8,50.0,0.0,0.0,0.75,23.0,57.96840555860523
6.294613179243311,0.1915421210958002,9.63477283703704,8,50.0,2.0,0.0,0.5,10.0,41.82528909325865
2.9392653669707993,0.10088101861223236,10.849107690600402,8,50.0,1.0,1.0,0.75,11.0,50.60530556433545
4.473138940060799,0.12550210003195528,10.574546063625496,8,50.0,0.0,0.0,0.5,6.0,47.33385899145671
9.414173419574997,0.20678566813544885,10.110019011405539,8,50.0,0.0,0.0,0.5,6.0,41.278169761219615
7.576250909072695,0.2023487707359408,10.40384410760517,8,50.0,0.0,0.0,0.5,6.0,45.59433880014375
2.3050485797985183,0.08427713479952895,11.033029619481368,8,50.0,1.0,0.0,0.5,19.0,27.02850546202744
31.026891977968056,0.8474689405984557,5.713985271183802,8,50.0,2.0,0.0,0.5,2.0,95.62925195303973
25.611532452970536,0.4268763281271895,9.412803870408807,8,50.0,2.0,0.0,0.75,5.0,64.75081076855533
5.5778686256339824,0.2395655520415306,10.31593842677034,8,50.0,0.0,0.0,0.5,6.0,24.568694513404488
3.2533392842249755,0.11413014322388432,10.943027422631639,8,50.0,2.0,1.0,0.5,11.0,69.19719132147934
4.917393368503788,0.1883752948122247,9.887784959644334,8,50.0,2.0,1.0,0.5,11.0,53.11186932568195
23.658380502528253,0.6613170470292297,6.768096359130861,8,50.0,2.0,0.0,0.5,2.0,88.6129919704755
1.294308943774986,0.03660860725766767,11.43582781875565,8,50.0,0.0,0.0,0.5,27.0,62.09649397302776
29.846110394455014,0.8247569235847083,5.952102290003949,8,50.0,2.0,0.0,0.5,2.0,93.09290341206317
6.31340697089896,0.2216460501803375,11.232026647329128,8,50.0,0.0,0.0,0.5,25.0,84.74162780175057
9.389500172695335,0.2500716602992208,10.555421261925149,8,50.0,0.0,0.0,0.5,6.0,33.689278784904154
8.043187309609332,0.2504284358070168,9.814915074788082,8,50.0,0.0,0.0,0.5,6.0,25.25642041481585
38.69621378258907,1.4053484476958036,2.960914537907624,8,50.0,2.0,0.0,0.75,8.0,135.88758348538886
3.1247951243125245,0.14180719904843786,11.046569395433682,8,50.0,0.0,0.0,1.0,21.0,52.25667870461403
26.605723017634773,0.598769016260465,7.476645460255172,8,50.0,2.0,1.0,0.75,11.0,52.854587129614686
2.3596042763255687,0.06596859635639511,11.062312760474546,8,50.0,1.0,0.0,0.5,26.0,73.92880323419219
7.54050308952735,0.24368720535650695,9.701358337338988,8,50.0,1.0,1.0,1.0,11.0,46.96200059696867
7.515351861619671,0.17368283630614642,10.834211462341994,8,50.0,0.0,0.0,0.5,6.0,43.59384331208069
31.018152378109114,0.8554486695235606,5.45468751435361,8,50.0,2.0,0.0,0.5,2.0,99.9425711436512
2.9693969845000856,0.08550972190608837,11.046398275258403,8,50.0,1.0,1.0,0.75,11.0,26.566039700155756
10.051381470000537,0.24803764446969565,9.947020154132447,8,50.0,0.0,0.0,0.5,6.0,41.22488967115222
6.2959652823218,0.2957887271502859,9.265822762280829,8,50.0,2.0,0.0,1.0,10.0,47.58278207947903
5.647066434949784,0.2934651946692374,9.763139009796175,8,50.0,1.0,0.0,1.0,22.0,63.2890001835587
8.59743358626248,0.24450526364591163,9.547869983357023,8,50.0,2.0,0.0,1.0,8.0,42.842646731052106
15.354492523471825,0.5861246610559573,6.95654870705311,8,50.0,2.0,1.0,0.75,11.0,54.984786091514984
14.537993124274362,0.4984994187040288,8.528171562624047,8,50.0,1.0,0.0,1.0,22.0,62.05057800336015
23.45959771910242,0.8729811124069763,6.317827848243484,8,50.0,0.0,0.0,0.5,25.0,79.54447151381316
5.4590400579549,0.1503018463667793,10.454237863015212,8,50.0,2.0,1.0,0.5,11.0,53.08789733159075
35.8590251162802,0.8290326839539263,5.632791944626105,8,50.0,2.0,1.0,0.75,11.0,61.260918971346754
3.1771152192289436,0.07175547932867138,11.065599886987709,8,50.0,1.0,0.0,0.75,13.0,32.22113360519129
4.173074862837234,0.08586948480825547,11.318966843479059,8,50.0,0.0,0.0,1.0,21.0,43.71523012683719
0.5362691682929185,0.04570165250715368,11.289582805271692,8,50.0,2.0,1.0,0.5,11.0,52.45156358978952
9.299849460513029,0.16395489883544584,9.97972434874716,8,50.0,1.0,0.0,0.5,10.0,55.16882242174304
24.241146610636026,0.6243316983087369,7.348467421369309,8,50.0,1.0,0.0,1.0,21.0,112.49892613929046
12.892215043923494,0.42906876574639624,7.7723202539788465,8,50.0,1.0,0.0,0.75,10.0,51.38520065986719
6.473804417333377,0.13585557102177337,11.091230585991026,8,50.0,0.0,0.0,0.5,6.0,42.33620508197599
12.72364099513918,0.3586978624081317,8.562356329910816,8,50.0,2.0,0.0,1.0,8.0,53.03514717039696
4.34140971978557,0.19460421825718793,10.494016089848666,8,50.0,2.0,0.0,0.5,5.0,33.664721874110754
3.493691031129542,0.08013099149405883,10.960152567036802,8,50.0,2.0,0.0,0.75,17.0,55.06175588225924
4.558632871837463,0.1441154343439672,10.762518334751189,8,50.0,1.0,0.0,1.0,21.0,50.743110260193234
4.5275956490549785,0.15018093141980826,11.153015136772357,8,50.0,2.0,1.0,1.0,11.0,87.8385452532321
28.708307023131482,0.5230427027592863,7.155477586987079,8,50.0,1.0,0.0,0.9,5.0,113.28589117284211
8.460854975342476,0.3099051158813947,8.827379913227428,8,50.0,1.0,0.0,0.75,10.0,62.98421862430205
0.8277866030628162,0.04589924642570493,11.665272484327787,8,50.0,1.0,1.0,0.75,11.0,49.092913774477836
1.6160765905716374,0.08001826782141497,11.089826981951925,8,50.0,0.0,0.0,0.5,6.0,41.42024148315655
18.092349640723715,0.4697865013055835,9.10786750432847,8,50.0,2.0,0.0,0.75,15.0,44.801977761561005
3.0378089265856723,0.20454024389883288,10.308851358013042,8,50.0,2.0,0.0,0.75,3.0,18.030754056025042
4.5091110044220875,0.16556515015171355,9.834362631113523,8,50.0,0.0,0.0,0.5,6.0,52.89819052298527
14.005242249415076,0.12123590332808698,11.100653627827885,8,50.0,2.0,0.0,0.75,5.0,71.56522562029917
1.4961675746595944,0.05603880738602117,11.246777182790371,8,50.0,2.0,0.0,0.5,5.0,27.190911245126117
5.704234872659982,0.16297129742424948,10.196129228164775,8,50.0,0.0,0.0,0.75,23.0,47.157893585465274
2.4314524004621556,0.1318823751039602,10.520139237765646,8,50.0,2.0,1.0,0.5,11.0,47.62192094769918
7.638398655938998,0.24752060913994925,9.686693542625875,8,50.0,0.0,0.0,0.75,23.0,43.23735334496438
7.112434656191035,0.2180727381608823,9.72531942220605,8,50.0,0.0,0.0,0.5,6.0,74.37817341089377
6.826221915646697,0.29205857890982134,10.625500986161603,8,50.0,1.0,0.0,0.5,16.0,53.651153499253596
17.90551931214631,0.1346811989666078,10.861394504502544,8,50.0,2.0,0.0,0.75,5.0,56.319023715878394
9.883947642355611,0.38113888956936853,7.993925730445297,8,50.0,1.0,0.0,0.75,10.0,61.85231435357986
7.019110233951023,0.30526823775032114,8.745092249926257,8,50.0,2.0,0.0,0.5,14.0,54.046964505824505
4.80025095557324,0.15042040840356596,10.611699819629232,8,50.0,0.0,0.0,0.5,6.0,38.89490265019025
9.428603512097517,0.27247678223051386,9.551706734408818,8,50.0,2.0,0.0,1.0,8.0,44.92004716453658
44.16314254367126,1.1559315880413608,5.480134371616226,8,50.0,1.0,0.0,0.9,5.0,124.55995679274758
25.621507170135605,0.7352182702501276,6.514242583527816,8,50.0,2.0,0.0,0.5,2.0,96.91049626553907
15.879768101748414,0.38160404647477825,8.641354651176805,8,50.0,2.0,0.0,0.5,5.0,77.66222406165272
4.333009381891389,0.11683400051717585,10.313918964849428,8,50.0,2.0,1.0,1.0,11.0,67.81745492770263
20.492225370550376,0.6013952621639913,7.922265897480233,8,50.0,1.0,0.0,1.0,22.0,63.472772520777895
12.66176011398325,0.38609262675367745,8.464602363065666,8,50.0,2.0,0.0,1.0,8.0,57.65054382062892
10.320373283449474,0.17332283406229612,10.737713703580598,8,50.0,0.0,0.0,0.5,27.0,66.01952121270584
12.088583976801138,0.32182283714754667,9.636503429546654,8,50.0,2.0,0.0,0.75,15.0,38.606049790935295
2.3944889748354568,0.08066109015056876,11.220289573946191,8,50.0,2.0,0.0,0.75,20.0,54.351707944462056
16.470628234797974,0.42070329673626544,9.027269066724752,8,50.0,2.0,0.0,0.5,5.0,56.63541251193601
10.32647503566581,0.4454598509050101,8.144934643437615,8,50.0,1.0,0.0,0.5,10.0,61.83703250561745
8.451692606274523,0.24776940729378397,9.573955300731505,8,50.0,2.0,0.0,0.5,2.0,40.314401767642174
6.994600275405934,0.28792238865481656,10.14621863475922,8,50.0,1.0,0.0,0.5,16.0,40.435096188408075
3.666994805555495,0.18705803138496685,10.266573948084815,8,50.0,0.0,0.0,0.5,27.0,65.91295751624631
5.683289893174905,0.14965361042002617,10.94161521219695,8,50.0,1.0,0.0,0.5,24.0,44.92423184254532
31.462243270779314,0.2747908376907889,9.352574546478282,8,50.0,2.0,0.0,0.5,8.0,71.8172645756
28.158940426522538,0.7091212002571915,7.277277584179152,8,50.0,2.0,1.0,1.0,11.0,121.3215112357389
3.2299694394727925,0.17667756632191953,10.563737567944647,8,50.0,2.0,0.0,1.0,10.0,36.331789131257885
4.37979989616099,0.2078399439493397,10.087244339376236,8,50.0,0.0,0.0,0.5,6.0,23.628461741339013
1.7705158699655403,0.08302777609416535,11.275850715541225,8,50.0,1.0,0.0,0.5,19.0,21.023593408905782
5.2144825346243096,0.25362068279657246,9.232336516342038,8,50.0,2.0,0.0,0.5,10.0,50.174285585192024
8.886656713510886,0.3873041032062937,8.881795917787066,8,50.0,1.0,0.0,0.5,16.0,47.73885420856507
1.9819049012353163,0.08239777000592965,10.927512353952043,8,50.0,2.0,0.0,0.5,2.0,42.25989111597391
12.661370192235056,0.27108173631591026,9.22714274883421,8,50.0,2.0,1.0,0.5,11.0,97.37240418442835
4.355509863671382,0.12482987341277754,10.70331299088946,8,50.0,0.0,0.0,0.75,23.0,45.37020022195071
4.363981276394345,0.09327360198752634,10.942043876109903,8,50.0,0.0,0.0,0.5,6.0,46.325857933528006
14.292555308373325,0.3413776548787444,9.39204454220115,8,50.0,2.0,0.0,0.75,15.0,36.86284970669383
12.739571712304999,0.46191338849262875,7.552403780813807,8,50.0,2.0,0.0,1.0,8.0,58.39188646471015
3.20415800548343,0.04635902204201021,11.818901539241352,8,50.0,2.0,0.0,0.5,7.0,9.626793028067073
11.509431538331139,0.3543960079540018,10.452745465116276,8,50.0,1.0,1.0,0.75,11.0,63.92415439496848
28.89101751439647,0.9261868775798221,6.313151492741426,8,50.0,1.0,0.0,0.75,10.0,72.52255973640091
34.17490470635256,1.3825002856153892,3.2353755778747,8,50.0,2.0,0.0,0.75,8.0,128.82750892366775
5.295229608754002,0.2786105216838152,10.023088527232856,8,50.0,2.0,0.0,1.0,10.0,52.87620153334145
15.235361511912792,0.5075493188433643,7.8458391971886385,8,50.0,2.0,1.0,0.5,11.0,65.06229959381236
31.64912810024284,0.9889068418409437,7.919296884002797,8,50.0,2.0,0.0,1.0,4.0,69.04941715409647
0.0,0.0,11.935529478747219,8,50.0,1.0,0.0,0.75,24.0,52.980564965225994
20.293109224697265,0.5900154916763718,7.7174468673052825,8,50.0,2.0,0.0,0.75,5.0,69.20019165183629
3.475675616248146,0.15551900597711343,10.570960818156596,8,50.0,0.0,0.0,1.0,21.0,50.509556719782054
4.794414433372256,0.26698154543056063,10.447207955198632,8,50.0,1.0,0.0,1.0,22.0,42.174579635763614
6.857808395144206,0.17091341330833207,10.608474220483952,8,50.0,0.0,0.0,0.5,6.0,56.6222751950824
6.885619256568251,0.27767958159820305,8.883943999902382,8,50.0,1.0,0.0,0.5,10.0,53.92204105108351
1.3032544121599516,0.018262052098105174,11.81722585972068,8,50.0,0.0,0.0,0.5,6.0,27.97831550262924
13.11495130232941,0.4475398767391649,8.562825087599125,8,50.0,2.0,0.0,0.75,3.0,25.947503278612366
10.674998244430933,0.44600925743891984,7.567474532973987,8,50.0,1.0,0.0,0.5,10.0,52.24270322773407
3.2160313145222585,0.17566174096769988,10.84432435614084,8,50.0,1.0,0.0,1.0,22.0,52.559999940060635
2.1703436993186913,0.08273695344426454,11.580333985497244,8,50.0,1.0,0.0,1.0,21.0,70.2494380642697
4.729620285222097,0.133984418074539,10.282329969684575,8,50.0,1.0,0.0,0.5,10.0,45.45092821483947
34.74983626433402,0.7922732448785721,6.3018615843299575,8,50.0,2.0,1.0,0.75,11.0,64.9906296795387
0.0,0.0,12.182587721244683,8,50.0,2.0,0.0,0.75,17.0,62.039666261726786
22.97416017015992,0.6929599471874135,8.975276941434213,8,50.0,1.0,0.0,0.5,26.0,78.78551115514101
8.970258038529337,0.2513040276033215,9.87796357824714,8,50.0,0.0,0.0,0.5,6.0,43.57091426269788
9.88639675925004,0.35890776056764784,9.131723329449667,8,50.0,2.0,0.0,0.75,3.0,27.44763598461621
9.385795226948888,0.21404966109107806,10.313202107766564,8,50.0,3.0,0.0,0.75,9.0,37.54931933773325
4.445163287072817,0.13296137092545499,10.278397068424905,8,50.0,0.0,0.0,0.75,23.0,43.1509302048568
31.538884311631598,0.8606912833557697,5.070442091607582,8,50.0,2.0,0.0,0.5,2.0,98.2031043477405
6.216187303801277,0.24908740465190918,10.215904917965215,8,50.0,2.0,0.0,0.5,1.0,39.836387552246016
7.950652704459424,0.20847364559610698,9.485544229006308,8,50.0,2.0,0.0,0.5,2.0,36.68335743022541
3.021743440274667,0.14499218208166584,10.972333786247031,8,50.0,2.0,0.0,0.75,17.0,64.31924438435935
6.870234144452936,0.16802302241952213,10.342280351156827,8,50.0,0.0,0.0,0.5,6.0,72.18555594023253
35.55705090596562,1.1100303664812805,6.543196287378907,8,50.0,2.0,0.0,1.0,4.0,66.32121308899846
16.075006692772252,0.21640343494202652,10.075783198071125,8,50.0,0.0,0.0,0.5,6.0,53.05497524184786
8.238475487957329,0.2781994110651596,9.20340141969606,8,50.0,1.0,1.0,1.0,11.0,28.017641236068734
2.5627446853008444,0.06354948608469249,11.630737470420286,8,50.0,0.0,0.0,0.5,6.0,29.71084887076292
3.4189317346648256,0.2511604731896427,9.867991699665941,8,50.0,2.0,0.0,0.75,3.0,19.69943139345567
24.64351665071596,0.8167996564190149,6.67087955624838,8,50.0,0.0,0.0,0.5,6.0,87.02298138913024
3.70702205710868,0.1543846256325895,10.22529594391924,8,50.0,2.0,0.0,0.75,20.0,58.705359550225346
2.319654795609786,0.12366689908050066,10.46891999576257,8,50.0,2.0,1.0,0.5,11.0,39.65879801974574
7.968839417995888,0.25143821125962623,9.389295390177482,8,50.0,2.0,0.0,0.5,2.0,40.04638272141569
3.8170505075195793,0.081628958356881,11.342125418295787,8,50.0,2.0,1.0,1.0,11.0,60.041110919839944
4.599603938185859,0.1944251266658172,10.070122075337778,8,50.0,0.0,0.0,0.5,6.0,65.44961038806443
22.627443886949358,0.6087190127034233,7.399156251277271,8,50.0,1.0,0.0,0.5,24.0,85.81599683393105
7.594998440758899,0.19144425418939884,9.938728458044325,8,50.0,2.0,1.0,0.5,11.0,46.75623843005661
8.751552001242947,0.41903648724126213,8.38985593197646,8,50.0,2.0,1.0,0.75,11.0,54.742762369032036
6.091004030144186,0.18662584282492195,10.53791035660251,8,50.0,2.0,0.0,0.75,20.0,44.55383673240441
19.067037174827547,0.5823501866577334,9.024830211074779,8,50.0,2.0,1.0,0.5,11.0,64.09242039533152
1.0733053187592907,0.05328734410599296,11.439857632243532,8,50.0,0.0,0.0,0.5,6.0,40.31808117224487
6.535434282625765,0.17461999329252162,11.242606915906444,8,50.0,2.0,0.0,0.5,1.0,24.579196922547684
17.849057937602932,0.5968052485802697,8.438158146706298,8,50.0,1.0,0.0,0.5,16.0,54.46627458214985
0.0,0.0,11.725777135323057,8,50.0,1.0,0.0,0.75,13.0,34.03550306132867
29.54333333710458,0.7166538152874284,6.169817733664177,8,50.0,2.0,1.0,0.75,11.0,69.67587858317619
2.6994142496333526,0.15855798248261732,10.542452973991047,8,50.0,2.0,0.0,1.0,10.0,45.82207162618776
1.2857158769452075,0.05266767905474633,11.271148005320246,8,50.0,1.0,0.0,0.5,19.0,27.20832963079338
23.30551684543714,0.5478813206467501,6.975862687640773,8,50.0,2.0,0.0,1.0,12.0,75.58150363022497
3.923793530500244,0.1812904738080594,9.802219831378878,8,50.0,1.0,0.0,0.75,24.0,44.22843414228349
5.58285390245685,0.1349867003482031,10.816608377747391,8,50.0,1.0,0.0,0.5,24.0,46.664976469976324
3.2246735063655985,0.1710736392414168,10.873976018917,8,50.0,2.0,0.0,0.5,5.0,63.34928563625479
4.2423664352170265,0.1836482117775372,11.28282809155957,8,50.0,0.0,0.0,0.5,27.0,69.95781286229256
47.52990818673869,1.1554076917375808,3.999258557886093,8,50.0,2.0,0.0,0.75,0.0,146.09614404937446
2.961719217621505,0.10356777860084758,11.23258422568142,8,50.0,0.0,0.0,0.5,6.0,15.69585080323597
12.116751378242494,0.42598969776943546,9.726603939642951,8,50.0,0.0,0.0,0.5,6.0,26.953454996525508
20.207432911291196,0.700101909894591,7.336348397726542,8,50.0,0.0,0.0,0.5,25.0,68.66240694676623
16.53727595587139,0.420545187013734,7.607930540654735,8,50.0,1.0,0.0,1.0,10.0,68.40578834631827
3.605947476741544,0.21908016176970807,9.471844689909249,8,50.0,2.0,0.0,0.5,14.0,51.50137180492431
6.513734390885931,0.31968724916265584,9.447687221480123,8,50.0,2.0,0.0,1.0,10.0,52.04309073266445
5.628292271284973,0.17093013305486418,10.00146991509295,8,50.0,2.0,1.0,0.75,11.0,63.84803016507537
9.108950282941322,0.27379362211297664,8.806596510603603,8,50.0,0.0,0.0,0.75,23.0,63.27722010012227
2.3778309720209845,0.08366321258183163,11.442088150162027,8,50.0,2.0,0.0,0.5,2.0,30.52161314657202
0.0,0.0,12.0333277481252,8,50.0,0.0,0.0,0.5,6.0,21.90591452351954
6.36795728245794,0.20795858829065156,9.736335624340315,8,50.0,0.0,0.0,0.5,6.0,48.39816666644324
3.501991739965006,0.19544423800715421,10.363806455190959,8,50.0,2.0,0.0,1.0,10.0,35.41674293174084
13.772300750696827,0.624204523493124,7.777045100621598,8,50.0,2.0,0.0,0.75,3.0,45.29365593553295
3.3778785155410342,0.11681769067268842,11.184691631556346,8,50.0,0.0,0.0,0.5,6.0,33.08784071955061
5.25526972625,0.25030111885429357,9.466417570058901,8,50.0,1.0,0.0,0.75,24.0,46.38452106133733
0.0,0.0,11.92301187315552,8,50.0,1.0,1.0,0.75,11.0,23.51934896950202
13.61689235422779,0.16671205204793604,10.03236789460852,8,50.0,0.0,0.0,0.5,6.0,50.1807865048591
5.238331506854927,0.12284437812313721,10.79571102940788,8,50.0,2.0,0.0,0.5,7.0,24.18990779904968
8.365711581533407,0.3735306406218926,8.01519272489386,8,50.0,2.0,1.0,0.75,11.0,42.257178281194534
5.183859084134823,0.23509481947023958,10.053960006788872,8,50.0,1.0,0.0,0.5,26.0,60.52505884575659
4.7586880417477015,0.22855466602431912,9.430968433727617,8,50.0,1.0,0.0,1.0,23.0,58.6106189092976
4.7493350903396525,0.2563462783594931,8.910482913655619,8,50.0,2.0,0.0,0.5,10.0,47.61597606071404
8.427338322610552,0.2784285309097868,9.507132110592563,8,50.0,1.0,1.0,1.0,11.0,59.54917132803457
4.441286427827016,0.21278039593341994,10.412839999283301,8,50.0,2.0,0.0,0.5,5.0,55.60391256701765
4.568421608028501,0.25284513002763714,10.556738507962214,8,50.0,2.0,0.0,0.75,3.0,15.405370776408592
36.14106344309647,1.1595143070514398,7.302502998157466,8,50.0,2.0,0.0,1.0,4.0,74.26985439785717
0.0,0.0,11.974514913348349,8,50.0,1.0,0.0,0.75,24.0,47.42821193789762
3.5352739227765215,0.19245765386870584,10.741081558649588,8,50.0,1.0,0.0,1.0,22.0,35.338303374159274
6.141482192549644,0.22320467149672463,9.124835037026104,8,50.0,0.0,0.0,0.75,23.0,61.98272673392016
2.9519562614798187,0.1431299314435645,10.268725662995948,8,50.0,1.0,0.0,0.5,10.0,60.312726667656655
14.68574228203632,0.4697653559491125,8.106422106824143,8,50.0,2.0,0.0,1.0,5.0,55.93549305074513
13.88110058875524,0.0978126291285986,11.610869844943746,8,50.0,2.0,0.0,0.75,5.0,53.713848246796225
32.9298430665649,1.0065803209752884,7.486701152277733,8,50.0,2.0,0.0,1.0,4.0,82.53573090763744
6.780041809168115,0.16097321714119894,9.979522874474917,8,50.0,2.0,0.0,1.0,5.0,77.93781557898544
31.69738300315551,0.9600989013507624,4.639981373565914,8,50.0,2.0,0.0,0.5,2.0,100.87612234829494
9.12638815327154,0.26147048726259575,9.972762224050962,8,50.0,2.0,0.0,1.0,8.0,53.96110475749833
28.16006739141288,0.9988898627827197,5.289659661916536,8,50.0,2.0,0.0,1.0,8.0,100.67162862395547
2.9468025232709243,0.11886855036302149,10.554440741357778,8,50.0,2.0,1.0,1.0,11.0,70.9564777190786
3.0175301296924397,0.13233505273383414,10.596599977366948,8,50.0,2.0,1.0,1.0,11.0,70.16592557734477
3.4244844410040987,0.12284400906426599,10.668108019322203,8,50.0,1.0,0.0,1.0,21.0,67.05431924943926
5.661648138217302,0.20199375575333176,9.602495635115062,8,50.0,2.0,0.0,1.0,5.0,87.83814002839938
5.973019354543764,0.29078997610025387,9.447436097603104,8,50.0,2.0,0.0,0.75,3.0,17.055727188164493
8.47317862011811,0.24719455434509502,10.478527000393832,8,50.0,2.0,0.0,0.75,15.0,27.012491717649212
7.3187940856036855,0.16299837026465888,10.048086461765141,8,50.0,2.0,0.0,0.5,7.0,39.92828695006078
31.513993462366287,0.9237256083499652,7.967700582590262,8,50.0,2.0,0.0,1.0,4.0,88.52653686486413
4.037671868899821,0.20782456136127136,9.24542191558929,8,50.0,2.0,0.0,1.0,5.0,58.413629245162895
3.6801882401884387,0.04961965344569948,11.498294531381886,8,50.0,2.0,0.0,0.5,7.0,10.06483047576406
0.0,0.0,12.084084619320807,8,50.0,1.0,0.0,0.5,26.0,55.08794847002468
8.778587266012767,0.39248691183694084,8.008771861824355,8,50.0,2.0,1.0,0.75,11.0,47.72731749253393
7.117687115007446,0.2444942242943779,9.983981783221015,8,50.0,0.0,0.0,0.5,6.0,49.33809592076947
5.336794032442386,0.147233119581682,10.87742463623174,8,50.0,2.0,0.0,0.5,2.0,24.920529471039604
26.32037619716456,0.652893631579539,7.283104374012233,8,50.0,1.0,0.0,0.5,1.0,84.65867125462954
7.296584229186619,0.2871857073257861,10.122953503584762,8,50.0,0.0,0.0,0.5,6.0,51.193030607711435
8.721860182212172,0.10504375262601913,10.666121917759474,8,50.0,2.0,0.0,0.75,20.0,56.750358503569096
9.146849990821133,0.2882406139774619,9.391526671499053,8,50.0,1.0,1.0,1.0,11.0,42.85749780884477
45.52417130989942,1.078527987309968,4.1415358463101954,8,50.0,2.0,1.0,0.75,11.0,87.43131172136432
6.1781183583810515,0.24572687679122468,9.184835688767201,8,50.0,2.0,0.0,0.5,10.0,45.3043916707752
22.12971044502244,0.6106733062086428,7.615503966539475,8,50.0,2.0,0.0,0.5,2.0,85.80885328823955
23.908506343344538,0.1422354531400714,10.51678172769294,8,50.0,2.0,0.0,0.5,8.0,68.5777052889426
52.566786765455966,1.4145154771289457,4.49656301481575,8,50.0,2.0,0.0,1.0,4.0,91.18711844402412
5.440557941658271,0.20416939888235075,9.72304145767962,8,50.0,2.0,0.0,0.75,20.0,54.91644580697308
5.62399621221865,0.3159971498553515,9.92912359595545,8,50.0,1.0,0.0,1.0,22.0,57.19996578875218
16.95919043154827,0.5889743404953328,7.5203659041158595,8,50.0,0.0,0.0,0.75,23.0,88.98637258512507
30.100563170752455,0.6982765210787587,6.594693388325267,8,50.0,2.0,1.0,0.75,11.0,85.86724069521341
8.690979800824861,0.30596861780107854,9.279571792053725,8,50.0,1.0,0.0,0.5,10.0,39.76129005155598
16.585319492085116,0.3570715981415884,9.12580092295877,8,50.0,2.0,0.0,1.0,12.0,55.82179424146318
2.2490795110003914,0.0612395672553147,11.02523487244673,8,50.0,2.0,0.0,0.75,20.0,53.55393572201172
23.59268493605421,0.7353565478618516,8.398819193444865,8,50.0,2.0,0.0,0.5,2.0,58.46041811664161
10.24779253107465,0.24642979128111273,9.87089600060845,8,50.0,0.0,0.0,0.5,6.0,43.409793583566604
2.9915285650745798,0.12267825340188718,10.258188767381528,8,50.0,1.0,0.0,1.0,21.0,63.12956245104019
2.7474635668871983,0.08036271761059548,10.808128309682031,8,50.0,1.0,0.0,1.0,21.0,65.79177822564607
5.024501249830604,0.1655219864309922,10.207922076389783,8,50.0,2.0,1.0,0.5,11.0,51.135792287914775
13.170412698924276,0.4004839452106482,7.46779812509498,8,50.0,2.0,1.0,0.5,11.0,70.57293960703419
4.098338337505563,0.24418435636390054,10.38557932759582,8,50.0,1.0,0.0,1.0,22.0,38.95304618483493
10.734187321121633,0.24989393512541644,10.698711109396765,8,50.0,2.0,0.0,0.75,15.0,25.680883525575513
8.645151537035792,0.38173537604894553,7.850605212030094,8,50.0,2.0,1.0,0.75,11.0,58.740175048203305
7.122413815718,0.16159059370857665,10.293698896003653,8,50.0,1.0,0.0,1.0,21.0,49.330261855167734
1.1556638995898871,0.08393293015617033,11.354627756215987,8,50.0,2.0,1.0,0.5,11.0,68.04443836967906
7.9526056261006595,0.2642628642196166,9.160810855311988,8,50.0,1.0,1.0,1.0,11.0,44.897611539876365
4.227845091841303,0.1494766733262988,10.410602431547572,8,50.0,2.0,1.0,0.75,11.0,77.04163271698464
10.206009705369508,0.22426788696145278,9.410619156143197,8,50.0,0.0,0.0,0.5,6.0,45.27929728730184
16.41736987852117,0.5466370120991406,6.9809742785488265,8,50.0,1.0,0.0,0.5,18.0,45.954838984232715
7.135960154598218,0.24837629032459013,10.13223058573227,8,50.0,0.0,0.0,0.5,6.0,50.68317095378036
2.029587699360143,0.06752212595541744,11.582161571104471,8,50.0,1.0,1.0,0.75,11.0,21.26360867169363
3.4437807736512385,0.1664020795332656,10.759329123984335,8,50.0,0.0,0.0,0.5,27.0,60.37384738472684
7.306730323972678,0.17325358571351826,10.568938554215569,8,50.0,0.0,0.0,0.5,6.0,47.09045051643246
6.232049587942204,0.21344118682225632,11.13615465993032,8,50.0,0.0,0.0,0.5,25.0,92.46386193432203
5.5633975534102555,0.2188635946568951,10.87752699684766,8,50.0,0.0,0.0,0.5,25.0,80.50225905157822
10.78588895234009,0.3093683627427295,9.184199557818733,8,50.0,2.0,0.0,1.0,8.0,48.645224697837016
20.80668753065909,0.13982439081886258,10.285194668728323,8,50.0,2.0,0.0,0.5,8.0,69.75131105903009
29.109300793031114,0.8412956429648264,6.167324358978011,8,50.0,2.0,0.0,0.5,2.0,98.56791911442986
2.475132847100116,0.08230940868686548,11.028416851385062,8,50.0,2.0,0.0,0.75,20.0,38.04591898026671
17.31194334653173,0.5328970547403904,7.897311224509571,8,50.0,2.0,0.0,0.75,5.0,63.91035540719971
10.170860564988336,0.30830993061687917,8.753721461268352,8,50.0,2.0,0.0,1.0,8.0,60.629732539011634
20.32048256627383,0.7148683805333315,6.595315237496247,8,50.0,0.0,0.0,0.75,23.0,95.48425378725709
12.758135948606224,0.3277460877295879,8.62066332062531,8,50.0,0.0,0.0,0.5,6.0,60.34955619095762
3.6963763624922277,0.09923079723272268,10.249961270512218,8,50.0,2.0,1.0,0.5,11.0,55.77769643102825
2.681185036289946,0.08060695325082204,11.183652324603736,8,50.0,2.0,0.0,0.5,2.0,38.96160917954201
1.9740587405489998,0.1288890594407714,10.523883333687973,8,50.0,2.0,1.0,0.5,11.0,69.38033198917167
4.357174658872419,0.15164601766278815,11.403227303143249,8,50.0,2.0,0.0,0.5,1.0,43.867519496392234
24.220563198666017,0.19586866858022728,10.29033192331934,8,50.0,2.0,0.0,0.5,8.0,77.37639798769553
5.629028089137935,0.16742904995192076,10.967181136571309,8,50.0,2.0,0.0,0.75,15.0,37.54013056559074
0.9003692786338289,0.052126446928818314,11.373082085448925,8,50.0,1.0,0.0,1.0,23.0,51.91490555128777
3.773029773324633,0.08251473322087836,10.927210169253591,8,50.0,1.0,0.0,0.75,24.0,39.49494674152489
8.981470817452811,0.3773839351740339,9.743531043676935,8,50.0,1.0,0.0,0.5,16.0,49.87344048461358
6.047610548436443,0.18541358132424526,9.718219660284376,8,50.0,0.0,0.0,0.75,23.0,42.90206006741359
31.17295749324246,0.9650210805670371,7.6167567730689285,8,50.0,2.0,0.0,1.0,4.0,93.24733790588415
4.902671392263155,0.1747644045230346,11.23613483890998,8,50.0,0.0,0.0,0.5,25.0,53.86340109646583
39.50743183253378,1.2166037431737198,6.416917556656406,8,50.0,2.0,0.0,1.0,4.0,87.96316765297331
4.819628085875729,0.14401156870211143,10.601388902615282,8,50.0,2.0,0.0,0.5,7.0,10.860261284460698
6.639887201343907,0.19311030179944483,9.659467326677959,8,50.0,0.0,0.0,0.75,23.0,58.26197439905245
3.339618922385737,0.1433850761957542,10.690206102852578,8,50.0,1.0,0.0,0.5,19.0,21.79650864806848
21.070979839733493,0.516288891110766,7.558932406151604,8,50.0,2.0,0.0,1.0,8.0,68.75091519141972
2.884881954548356,0.1701646587170095,10.467249189450055,8,50.0,2.0,0.0,0.75,3.0,30.839241489869327
7.334426198523528,0.3322371585874839,9.012194327776891,8,50.0,1.0,0.0,0.5,10.0,40.50545585146022
0.0,0.0,12.181702124246518,8,50.0,0.0,0.0,0.5,6.0,36.75978139160572
4.983522641163726,0.1906466922207805,10.112375432080825,8,50.0,1.0,0.0,0.5,10.0,44.016984139330944
23.63075118060348,0.5288252986971694,7.8292553310410264,8,50.0,2.0,0.0,0.5,7.0,39.35719859983903
7.143272626072512,0.10099525075735862,10.807953575175402,8,50.0,3.0,0.0,0.75,9.0,36.02379330793009
2.838520006113068,0.12436742022671984,10.863814868230593,8,50.0,0.0,0.0,0.5,6.0,25.524717526309303
4.982362934554538,0.135663788103875,10.271199097163718,8,50.0,2.0,0.0,1.0,5.0,90.60241300016537
5.427740105897599,0.19013933139216396,10.012204817435125,8,50.0,1.0,0.0,0.75,13.0,37.51520757795664
2.9776026667169617,0.14373969045186175,11.291393211359473,8,50.0,0.0,0.0,0.5,27.0,46.09902312344338
10.40753102019875,0.1827213876112866,10.541192537336496,8,50.0,1.0,0.0,0.75,13.0,58.64975961119301
2.6205665405591487,0.08462430469303742,10.752659125224685,8,50.0,1.0,0.0,1.0,21.0,45.290955610537964
20.529773266992997,0.5564589382823714,7.66667918210328,8,50.0,2.0,0.0,0.75,5.0,72.10162125694556
8.35556988868067,0.24784464929528835,9.56806227747726,8,50.0,0.0,0.0,0.5,6.0,42.69199359049084
9.723517469799848,0.356587538434624,8.987470784917722,8,50.0,2.0,0.0,0.5,5.0,49.970641885200855
2.3836870556758116,0.10933293731652183,11.276771839021416,8,50.0,1.0,1.0,0.75,11.0,51.319140099553564
5.9987437411711815,0.2553089238347916,10.161047971580881,8,50.0,2.0,0.0,1.0,10.0,36.881324920362246
1.6697782695045753,0.046480068399423896,11.683517667710722,8,50.0,1.0,0.0,1.0,21.0,63.55326497212443
19.197171673546624,0.6312689824904612,8.896858139554787,8,50.0,1.0,0.0,0.5,10.0,68.65019826642798
21.790023968685425,0.6647710358224077,9.269237241044587,8,50.0,0.0,0.0,1.0,21.0,73.47064414751719
6.48336231266484,0.24185566053427704,9.890593689554564,8,50.0,1.0,1.0,0.5,11.0,66.29541495217975
9.209449992795237,0.151984113531296,10.747787284978836,8,50.0,3.0,0.0,0.75,9.0,32.26478721100736
41.12133933307365,1.1943247485420376,6.800308286953888,8,50.0,2.0,0.0,1.0,4.0,92.20409618690569
6.989246463658244,0.24874436847280337,11.181940282141303,8,50.0,0.0,0.0,0.5,25.0,84.92956432626315
6.920736765001782,0.2508480840335882,9.411574837863876,8,50.0,0.0,0.0,0.5,6.0,39.70222189837722
3.6092395146489618,0.07128446289686481,11.424196351212476,8,50.0,2.0,0.0,0.5,5.0,13.545095433622409
17.473016811920978,0.4612099370090156,7.639674904208096,8,50.0,1.0,0.0,1.0,10.0,77.15666591977302
3.647835671150375,0.11846880637417836,11.034578859371818,8,50.0,1.0,0.0,0.75,13.0,23.788649448314565
0.0,0.0,12.067157183026627,8,50.0,2.0,0.0,0.5,5.0,7.914453305491254
3.3584403161696215,0.1363572433059351,10.187101967739128,8,50.0,2.0,1.0,0.75,11.0,49.4265529394141
49.855898272620855,1.3374541149458468,4.4635735751199554,8,50.0,2.0,1.0,0.75,11.0,86.55188717899091
7.263137434115823,0.16252869862186947,10.421976675490082,8,50.0,1.0,0.0,1.0,21.0,51.73989779515359
2.650165981134321,0.09560989952862065,11.49278277765275,8,50.0,0.0,0.0,0.5,27.0,77.10289366604044
20.739825993891255,0.48268026749212345,7.62768266558448,8,50.0,2.0,0.0,1.0,12.0,72.48612700090591
4.928344908571447,0.23201179399934713,9.317815514975575,8,50.0,2.0,0.0,0.5,10.0,49.97922602780058
17.302923763255812,0.6327414730338192,7.928109675085046,8,50.0,0.0,0.0,0.5,6.0,77.94907856846724
20.382860920108772,0.13713549734637048,10.400004542509759,8,50.0,2.0,0.0,0.5,8.0,60.99627311728514
2.228198756332745,0.0631364331356905,10.985681034707465,8,50.0,2.0,1.0,1.0,11.0,59.83090803715393
2.224377342885487,0.0861806294344494,11.289939081536724,8,50.0,2.0,0.0,0.75,17.0,59.61585722742187
5.88300310472628,0.272945308871666,9.28479926082214,8,50.0,0.0,0.0,0.5,6.0,54.003617620796845
42.97446409751068,1.269669866263,6.73054069377776,8,50.0,2.0,0.0,1.0,4.0,99.52189924369357
6.708981084795926,0.30540051799861423,8.663851606495223,8,50.0,2.0,1.0,0.75,11.0,55.377470575888715
1.933358376382764,0.08567096902840511,11.127692346422819,8,50.0,1.0,0.0,1.0,23.0,59.7070708973904
13.516826067647884,0.5451228953827546,8.129548152807994,8,50.0,2.0,0.0,0.5,14.0,64.23111660820996
8.518254559460232,0.27668037436253146,9.598396331573303,8,50.0,1.0,1.0,0.5,11.0,63.51677121638584
3.208550341726297,0.1193493249654888,10.403120789647854,8,50.0,2.0,1.0,0.75,11.0,64.769204001764
18.359854369499438,0.12393489005720602,10.52578296402448,8,50.0,2.0,0.0,0.75,5.0,67.83787248395981
24.121437873588,0.4982638594188564,8.149890352627049,8,50.0,1.0,0.0,0.5,1.0,83.7754914172382
21.140441767807754,0.24628805292047817,9.395159776253944,8,50.0,2.0,0.0,0.5,8.0,63.32487760032138
16.74694916717081,0.5139040379868977,7.883325786287665,8,50.0,2.0,1.0,0.5,11.0,90.0232226613316
14.970154768976531,0.2170532795471794,9.366633487456038,8,50.0,2.0,0.0,0.5,10.0,52.30386185965717
3.5540098600929655,0.08974377585794241,11.95133000886903,8,50.0,1.0,0.0,0.5,24.0,60.23251335602927
2.4194340843733557,0.10752856547085407,11.278749825756439,8,50.0,1.0,0.0,1.0,23.0,58.95291545430852
2.3271393731825967,0.06539717341343984,11.13419854967575,8,50.0,1.0,0.0,1.0,21.0,62.692079862515996
9.497055686947354,0.2822103849700508,8.555155834030833,8,50.0,1.0,0.0,0.5,18.0,37.48488636171766
8.008632759610071,0.21505834329636345,10.704944863314354,8,50.0,2.0,0.0,0.75,15.0,32.177786841553846
26.14575047917409,0.21872202188628848,9.597555569312444,8,50.0,2.0,0.0,0.5,8.0,56.38293381306777
18.751719480930852,0.4473813705526766,8.09463474983193,8,50.0,1.0,0.0,0.5,1.0,72.6854386509638
7.669921055154808,0.16073253963779124,10.59789955429082,8,50.0,0.0,0.0,0.5,6.0,42.54407504731939
0.0,0.0,11.899424461244754,8,50.0,2.0,0.0,0.5,5.0,15.94008384030191
15.358119099926132,0.3169924552674722,9.705509963793679,8,50.0,1.0,0.0,0.5,24.0,82.52457521515804
16.342003476589014,0.3776798817781282,8.770065769436433,8,50.0,2.0,1.0,0.75,11.0,62.4628608080682
5.9358129734104805,0.1558147992241445,10.891875490684516,8,50.0,2.0,1.0,0.5,11.0,59.52225306661209
22.74251761145439,0.5984721929321817,8.5287061247216,8,50.0,0.0,0.0,0.5,25.0,119.16252407152925
19.197920369540977,0.4917935506167387,8.115018385517148,8,50.0,0.0,0.0,0.5,6.0,62.72557602183248
19.383569261689924,0.4093197781550685,8.324255017230382,8,50.0,0.0,0.0,0.5,6.0,64.47438822191754
43.97235080550106,1.110993721995935,4.385621591930646,8,50.0,2.0,0.0,0.75,0.0,140.58216660280567
31.029260231656533,0.5635189325724822,6.946319949837276,8,50.0,1.0,0.0,0.9,5.0,116.59260575357467
25.1692570420852,0.5816298400051249,7.4757329007414555,8,50.0,2.0,1.0,1.0,11.0,74.19875060698506
9.39855991463163,0.392407668884567,9.185777563553447,8,50.0,1.0,0.0,0.5,16.0,44.970827009086506
11.862385663235116,0.46234416728712485,8.714398937232346,8,50.0,1.0,0.0,1.0,23.0,84.61736424037557
22.161307563502916,0.5990782206106093,8.719618115255413,8,50.0,0.0,0.0,0.5,25.0,119.25564836731701
18.17233750841086,0.45884773344542956,7.502057749603488,8,50.0,1.0,0.0,1.0,10.0,63.97473385891493
3.192928560248506,0.07239567286194548,10.790981821579965,8,50.0,1.0,1.0,0.75,11.0,47.649932756830175
0.5010410585400323,0.027499103636930394,11.580670927344505,8,50.0,1.0,0.0,0.5,26.0,41.060830603361424
5.656904102435202,0.25574317152642956,10.169012057283025,8,50.0,1.0,0.0,0.5,10.0,33.04831816440916
22.045353290007586,0.6590749685057637,6.730971679165773,8,50.0,2.0,0.0,0.5,2.0,85.26059792235516
8.725528146658837,0.3155004951243698,10.089075597888147,8,50.0,1.0,0.0,0.5,24.0,60.15790178936902
26.016721446963587,0.680958120887832,7.670640679123951,8,50.0,2.0,0.0,0.5,1.0,89.35029245613958
8.019395550793776,0.2506383067492172,9.641245876332496,8,50.0,0.0,0.0,0.75,23.0,47.774734982892355
7.183530470255286,0.36368440617043324,8.795205831838416,8,50.0,2.0,1.0,0.5,11.0,67.3445711567883
7.580818763278449,0.16677490561425537,9.833649525320624,8,50.0,2.0,0.0,0.5,7.0,23.02151169398483
4.538711124400624,0.1436266323462184,10.701569238098903,8,50.0,0.0,0.0,0.5,6.0,31.49407789715748
1.8924573474900506,0.08804712440906859,11.205642608991065,8,50.0,1.0,0.0,0.75,13.0,33.44032057448547
9.193763176517864,0.31209127338927056,9.146210888533197,8,50.0,0.0,0.0,0.5,6.0,51.07965252214018
11.519466702864163,0.3198853181816503,8.595143932865685,8,50.0,0.0,0.0,0.75,23.0,60.86659032353406
0.5683432150891551,0.047249422156849796,11.451617369146383,8,50.0,2.0,1.0,0.5,11.0,57.20364293120506
5.302919917483665,0.21433266471207565,9.741706366584657,8,50.0,2.0,1.0,0.5,11.0,63.28562548556187
8.258757430395114,0.36964346776146584,8.16426116796304,8,50.0,2.0,1.0,0.75,11.0,40.22549485215766
17.263344162109018,0.5669898700153506,7.351865692386687,8,50.0,1.0,0.0,0.75,10.0,54.622724761609774
12.303670367349694,0.4523634207046853,8.230361734718326,8,50.0,1.0,0.0,0.5,10.0,57.859696429843694
14.41837567923569,0.4149582868474106,7.90793835674221,8,50.0,2.0,0.0,1.0,8.0,54.3660924023083
8.891247932599677,0.24498115102525186,10.460153122926434,8,50.0,0.0,0.0,0.5,6.0,40.688291589753035
39.38355834996386,0.9099820096578508,4.953628212930404,8,50.0,2.0,1.0,0.75,11.0,69.36342698281643
5.264654428941085,0.32289251469513786,8.455429823038617,8,50.0,2.0,0.0,0.5,14.0,53.531730817373074
3.650914913217345,0.12611711457349092,10.93059725313439,8,50.0,0.0,0.0,1.0,21.0,36.530210438571615
2.1074861183878943,0.05247691753714559,11.777515675231143,8,50.0,1.0,1.0,0.75,11.0,44.526741933139974
6.830896243811476,0.22315143764032472,9.8587797643691,8,50.0,0.0,0.0,0.5,6.0,52.372765241335586
17.252875368924645,0.3612847328485709,8.906122812398166,8,50.0,2.0,0.0,1.0,8.0,62.33018611120552
8.481189746207662,0.36777449362648,8.748173051547873,8,50.0,1.0,0.0,0.5,10.0,46.75588242193038
34.526679838839065,0.8216570179555689,4.962417050142651,8,50.0,1.0,0.0,1.0,10.0,104.73119146945695
7.598722994181849,0.18320058530124647,9.752843806806402,8,50.0,0.0,0.0,0.5,6.0,43.613087961891836
5.129742211368317,0.187871965920003,10.229825230751155,8,50.0,2.0,1.0,0.75,11.0,63.67660726238753
8.908489878467721,0.38746216804535905,8.83998387594639,8,50.0,1.0,0.0,0.5,10.0,61.137968938835215
9.87351573412569,0.39300407289934436,9.31600686200694,8,50.0,1.0,0.0,0.5,16.0,44.05728158972187
4.943260617445195,0.20006754341468733,9.747824400925479,8,50.0,2.0,1.0,0.5,11.0,54.636983718463014
15.397539496768445,0.4583423025396344,8.054413650171915,8,50.0,2.0,1.0,0.75,11.0,88.74269179131431
1.7625224063771496,0.08493642319043125,11.126348554470214,8,50.0,0.0,0.0,0.5,27.0,59.1679759895886
2.5322224520578334,0.0838754852297678,10.69496105557309,8,50.0,1.0,0.0,0.5,19.0,27.294625481362647
6.954889084896551,0.12091295211927737,10.60137003783449,8,50.0,3.0,0.0,0.75,9.0,35.674747386485066
1.8080407588763143,0.04858615992278987,11.324700547729272,8,50.0,2.0,0.0,0.75,17.0,60.16532879146802
4.198217875885069,0.15681877417534765,10.585885498474715,8,50.0,1.0,0.0,0.5,19.0,14.820008120836874
9.904485009060055,0.18436378606572648,10.38279154654939,8,50.0,0.0,0.0,0.5,6.0,26.072328653596657
4.873977278705583,0.1442234738797587,10.331936087735482,8,50.0,2.0,1.0,0.5,11.0,51.183552344332924
8.472302501710333,0.3770781051427327,7.929530901651645,8,50.0,2.0,1.0,0.75,11.0,56.38269555303149
6.898857978077564,0.13748002189666558,10.949651013545084,8,50.0,2.0,0.0,0.5,7.0,25.026142779311865
5.824694591212555,0.18873730201752448,9.621149180605759,8,50.0,2.0,0.0,1.0,5.0,89.32174037297499
8.55161882189729,0.3515354022963857,8.026310823979962,8,50.0,1.0,0.0,0.5,18.0,44.91049943443677
6.904516343746554,0.25941432874820186,10.18354210491205,8,50.0,0.0,0.0,0.5,6.0,47.6683863004312
5.787304687369562,0.20568386872123223,9.642549354304345,8,50.0,2.0,1.0,0.5,11.0,53.48939860053749
21.804637835651725,0.4399141678449448,8.290143566739303,8,50.0,0.0,0.0,0.5,6.0,64.59742714290272
6.2225341110794155,0.14547074060542406,11.08614577485472,8,50.0,1.0,0.0,0.5,24.0,56.265502157665466
15.827795971644955,0.34613406180907436,8.692764857000892,8,50.0,0.0,0.0,0.5,6.0,48.11830648830698
4.668371004252272,0.17601526518086927,11.161144836432381,8,50.0,2.0,0.0,0.5,1.0,19.515482726928013
49.17453975551047,1.24544375376392,4.360388998794349,8,50.0,2.0,1.0,0.75,11.0,83.52931095175944
5.75600593665764,0.2542317571310301,9.335207103948642,8,50.0,2.0,0.0,1.0,5.0,47.485094159744676
6.879691316158338,0.16436155756413168,10.181632117341787,8,50.0,1.0,0.0,0.75,13.0,37.326201758153246
6.793885920459294,0.1872081214642937,11.08735518583402,8,50.0,2.0,0.0,0.75,15.0,41.10571194797471
3.000863158791286,0.08089111845100218,10.830397127926501,8,50.0,0.0,0.0,0.5,6.0,64.35790015667715
3.719273081845162,0.16927352940138313,10.052523266130875,8,50.0,2.0,0.0,0.5,10.0,47.60475068089153
0.863084024944341,0.07246670123067696,11.418007797858717,8,50.0,1.0,1.0,0.75,11.0,51.19386437303962
16.066930761354396,0.5352500143829904,7.536135472332228,8,50.0,2.0,0.0,1.0,5.0,72.86180516440908
12.059593163967513,0.27082427271484777,10.059561989576922,8,50.0,1.0,0.0,0.5,26.0,59.97505034391128
4.985086296546497,0.1695985926576297,11.006492764365664,8,50.0,0.0,0.0,0.5,6.0,63.5766737172305
3.245553737322554,0.1733777113120212,10.375003489431482,8,50.0,2.0,0.0,1.0,10.0,55.25872380062217
6.66312439825761,0.22403990687132946,10.89714130972198,8,50.0,2.0,0.0,0.5,1.0,50.84233186927723
3.849304720820957,0.12930990609340007,10.481643873788542,8,50.0,1.0,0.0,0.75,13.0,39.89622003074719
4.863333887460595,0.1015197454484676,10.913346960200972,8,50.0,0.0,0.0,0.5,27.0,54.013237322847
1.3544990943024837,0.039577837898519964,11.601752810213041,8,50.0,0.0,0.0,0.5,6.0,40.18656067588708
6.019903105280366,0.062261476113726975,10.968603477368314,8,50.0,3.0,0.0,0.75,9.0,40.617200818190355
4.526498871715353,0.09653617983910981,10.740269885585212,8,50.0,0.0,0.0,0.5,6.0,40.4017612841364
14.09688338152645,0.4119021280997298,8.020800838852372,8,50.0,2.0,1.0,0.75,11.0,59.186903165812474
14.291361625209488,0.11766899953596004,10.209745742644383,8,50.0,2.0,1.0,1.0,11.0,70.97831139503822
3.2269071297782204,0.14103652557067026,10.843333922204847,8,50.0,0.0,0.0,0.5,27.0,50.68380270320457
2.9543986186748206,0.16451451768771708,11.04934333833526,8,50.0,1.0,0.0,0.5,26.0,59.36308820404401
4.185317371831503,0.12067646913691152,10.311934497798871,8,50.0,1.0,1.0,0.75,11.0,57.80352995327982
8.771254975156786,0.2481879878315596,9.953624404987753,8,50.0,0.0,0.0,0.5,25.0,25.749902776478717
25.790520057570447,0.5332793024403848,7.694661300425658,8,50.0,1.0,0.0,0.5,1.0,78.8969037421375
3.15267606602478,0.11184564015433823,10.434326071769018,8,50.0,2.0,0.0,0.5,2.0,42.234774575465195
17.74379968021444,0.4132458159187308,9.233548553995263,8,50.0,2.0,0.0,0.5,1.0,55.19997860075659
11.268293168005375,0.3265466967345911,8.902164721379101,8,50.0,2.0,0.0,1.0,8.0,52.988827361678105
5.834109791193944,0.1348753027814405,10.24834440852954,8,50.0,0.0,0.0,0.5,6.0,53.2970185122767
4.891829975007611,0.22884035663175933,10.008227707752459,8,50.0,2.0,0.0,0.5,5.0,51.59687412488712
1.1660750463496952,0.09214581158242686,11.014219377073935,8,50.0,2.0,0.0,0.5,5.0,21.763867015060285
34.566959102504185,1.1511425337818189,6.746271692660333,8,50.0,2.0,0.0,1.0,4.0,85.32726936315103
12.734484210293411,0.08880941519411381,11.642864405268638,8,50.0,2.0,0.0,0.75,5.0,65.28697992407716
0.0,0.0,11.93282147558411,8,50.0,2.0,0.0,0.5,5.0,12.165413064814633
11.836570908917382,0.41305841607972343,9.001473545036262,8,50.0,2.0,0.0,0.75,20.0,72.8948462881678
4.357030370609792,0.1351028879643105,10.912904525324915,8,50.0,0.0,0.0,0.5,6.0,58.073680155077476
6.6624962486056125,0.14189546786747065,10.598301759295227,8,50.0,1.0,0.0,0.5,24.0,46.90141821471608
4.503266918629651,0.208357713020573,9.451474064859841,8,50.0,2.0,0.0,0.5,14.0,74.9373242080264
3.5233663831091517,0.2036609181372946,9.788283037356106,8,50.0,2.0,1.0,0.5,11.0,63.712279230381895
11.614257704531669,0.3589851372319298,8.019724926705068,8,50.0,2.0,0.0,0.5,10.0,53.76900418901431
10.982477808434288,0.24608590868214206,10.271951881717223,8,50.0,0.0,0.0,0.5,6.0,31.428562597202315
1.2737627635357671,0.08378205855481043,11.009439611756893,8,50.0,0.0,0.0,0.5,6.0,62.24357658149992
8.762292858258942,0.38919377681384076,8.215696581422991,8,50.0,2.0,1.0,0.75,11.0,43.65521920351146
7.164559077527477,0.22808575880191564,9.73112408537672,8,50.0,2.0,1.0,1.0,11.0,69.45642865136995
8.673707814726617,0.24857219870767333,9.684505562937451,8,50.0,1.0,0.0,1.0,21.0,61.864944526604965
2.0678409242942664,0.05653557308834052,11.242473788775792,8,50.0,2.0,0.0,0.75,20.0,57.04867777954079
8.15372236127089,0.2857852789164433,9.649441277712794,8,50.0,1.0,1.0,0.5,11.0,59.42080337518709
4.533298515721239,0.12620029327605245,10.800593307332301,8,50.0,2.0,1.0,0.5,11.0,57.007174247382146
5.396489936778676,0.14116044586900764,11.177915643748223,8,50.0,1.0,0.0,0.5,24.0,56.766332251762144
29.3732990482613,0.7634468252497486,6.720566974054954,8,50.0,2.0,0.0,0.5,5.0,105.1072178292727
16.192078793919205,0.3677540396983675,8.292301687558101,8,50.0,1.0,0.0,1.0,10.0,52.5716133547323
4.524014952195438,0.1255830850092828,10.391651987598209,8,50.0,1.0,0.0,1.0,21.0,83.78685081752465
5.153115529382862,0.12833562832132764,11.11914824503987,8,50.0,1.0,0.0,0.5,24.0,61.32751458963398
2.477970674801721,0.18430909591457453,9.495827896911267,8,50.0,2.0,0.0,0.5,14.0,52.938710497053975
3.467531942434785,0.14274835043394457,10.720721219753047,8,50.0,2.0,1.0,0.75,11.0,81.21668447606767
9.698853304238042,0.24484733567382855,9.817433167380097,8,50.0,0.0,0.0,0.5,6.0,40.62802964843176
12.638321333284273,0.3197990447573972,10.063940528080453,8,50.0,2.0,0.0,0.75,17.0,90.74044408554161
3.4738172949346158,0.19843849962169624,9.58045864099185,8,50.0,2.0,1.0,0.5,11.0,73.96097982568092
1.5033599671844455,0.12445676170253595,10.35321480800871,8,50.0,1.0,0.0,0.75,13.0,39.956356845802816
7.824961412120629,0.1127820262171774,10.60992350921732,8,50.0,3.0,0.0,0.75,9.0,35.355973118087434
6.633963678924937,0.25251716812985375,10.78966054628977,8,50.0,0.0,0.0,0.5,25.0,89.24876716917188
8.027554434324577,0.2387524118219519,10.292111473695204,8,50.0,1.0,0.0,0.5,24.0,58.2181695126623
37.05783824799682,0.9323435006340617,5.258116850451236,8,50.0,2.0,0.0,0.75,0.0,137.688907021507
6.190329933520306,0.21179192420982706,10.238820409032552,8,50.0,1.0,1.0,1.0,11.0,35.12231460917408
4.491738260501115,0.15152847555937088,11.219330645934976,8,50.0,2.0,1.0,1.0,11.0,59.27295108523552
5.066764037840656,0.24666133632609807,9.80589478981786,8,50.0,2.0,0.0,0.5,5.0,37.48402450571277
6.730464290266322,0.21926383706010696,10.032819597297268,8,50.0,1.0,1.0,0.5,11.0,59.31405873643954
18.78430629215547,0.3996273742709925,8.749054398079114,8,50.0,1.0,0.0,0.5,1.0,80.86399740328838
4.696952775337862,0.08414336251194304,11.3252672832527,8,50.0,1.0,0.0,1.0,23.0,47.15283934760712
4.466281644596576,0.1388322969701157,10.433874412553854,8,50.0,1.0,0.0,1.0,21.0,59.534785369505435
5.817262993013661,0.2000380498979589,10.578017913057622,8,50.0,2.0,1.0,0.75,11.0,56.39545327849098
5.8659259379015545,0.19583947439990743,9.696490682648143,8,50.0,2.0,0.0,1.0,5.0,46.762103775356536
7.897419655208204,0.25141661796267833,9.268783385197027,8,50.0,2.0,1.0,0.5,11.0,59.19286380086814
20.86383218482896,0.5587108162342778,7.806493453319494,8,50.0,2.0,0.0,1.0,10.0,58.98547397154754
0.0,0.0,11.757519875943254,8,50.0,1.0,0.0,0.75,13.0,38.97337953119134
3.5589701483040694,0.11912508861054837,11.383200051291137,8,50.0,2.0,1.0,0.5,11.0,69.56367459168887
7.890496823531049,0.2769612176736672,9.38612287110969,8,50.0,2.0,0.0,0.5,2.0,36.5110460940185
15.696202094228155,0.16242446166071756,10.572519461651241,8,50.0,2.0,0.0,0.75,5.0,66.9707879866761
2.8404964951808758,0.10941213961225765,10.813995636120781,8,50.0,2.0,1.0,0.75,11.0,64.29642036493362
2.861990647775642,0.07884353996521051,11.343514585047654,8,50.0,0.0,0.0,0.5,27.0,83.64719859850041
47.310876296377174,1.4960706071379466,2.1328138621313677,8,50.0,2.0,0.0,0.75,8.0,127.97947549019092
5.567629096170904,0.2728671372207017,9.225965883655173,8,50.0,2.0,0.0,0.5,10.0,50.229559041304626
5.380093197724129,0.16416504474987811,10.331268571767824,8,50.0,1.0,0.0,0.5,24.0,56.8093906672943
14.176120798251675,0.3826797148457247,8.522246758970788,8,50.0,1.0,1.0,1.0,11.0,51.18476487735525
12.378677700442271,0.16984793776806054,10.900069448295765,8,50.0,1.0,0.0,0.5,24.0,63.09292089658392
7.01628268781589,0.3294037508451294,8.705358778732316,8,50.0,2.0,1.0,0.75,11.0,35.50831421356721
17.361309454706355,0.33768716961725065,8.946337202775645,8,50.0,1.0,0.0,0.5,19.0,64.88809689681345
5.31133616670303,0.19069447661259098,11.163117342479477,8,50.0,2.0,0.0,0.5,1.0,32.099151853535574
9.206738852956155,0.23354631628157363,9.761487241611992,8,50.0,1.0,1.0,1.0,11.0,35.47926420272604
16.18296090016752,0.2500141439646519,10.463141272605352,8,50.0,2.0,0.0,0.75,5.0,67.83855599374827
21.11427817016967,0.5267510287148589,7.107679238063195,8,50.0,1.0,0.0,0.75,10.0,72.67580410043564
2.299072573588723,0.05435858242048845,11.596114466390658,8,50.0,1.0,1.0,0.75,11.0,51.75235430516834
2.067086645363629,0.0818488864445905,10.723448323578443,8,50.0,0.0,0.0,0.5,6.0,57.14121088025671
8.167694520277857,0.2490240916354271,9.559605780807985,8,50.0,0.0,0.0,0.5,6.0,54.71344771782916
6.523233428928954,0.25218439385720665,8.784876264786828,8,50.0,2.0,0.0,0.5,10.0,51.63860483053859
17.65586960246821,0.39314062247801396,8.892371404585177,8,50.0,2.0,0.0,1.0,12.0,76.64619659756525
14.159713351132732,0.34560390533096214,9.610885467515915,8,50.0,2.0,0.0,0.5,2.0,52.3199736508795
32.301838855498225,0.850018839875456,5.694481233287653,8,50.0,2.0,0.0,0.75,0.0,124.31940851367686
7.768998819510873,0.33678628725280296,9.867563343719002,8,50.0,1.0,0.0,0.5,16.0,50.34054703101679
1.7883219254638432,0.09171921660285233,11.319840776047558,8,50.0,1.0,1.0,0.75,11.0,50.876197705502236
0.923850890827278,0.037774828990471736,11.327246648228856,8,50.0,1.0,0.0,0.5,26.0,32.94234133783219
9.570390313408387,0.2520502774787697,10.220152431058876,8,50.0,0.0,0.0,0.5,6.0,51.40403972638935
25.104894022483002,0.1314148537362345,10.80639358210056,8,50.0,2.0,0.0,0.5,8.0,66.9859492229251
13.98860503076689,0.35401529888427574,8.35938335599985,8,50.0,1.0,0.0,1.0,10.0,38.05329610462498
26.412385677106425,0.5937748926565104,6.569543784760802,8,50.0,2.0,0.0,1.0,12.0,79.27021610191406
6.113179784603493,0.21180370120017494,10.358486981632867,8,50.0,2.0,0.0,0.5,1.0,50.1646243989796
5.847449464279054,0.2240115348001452,10.426216256182254,8,50.0,0.0,0.0,0.5,25.0,34.25330199892048
33.616903326430275,1.2396928415899777,3.943320026315434,8,50.0,2.0,0.0,0.75,8.0,127.62495495903914
1.368844761544713,0.06534516282093847,11.625683322716839,8,50.0,0.0,0.0,0.5,6.0,43.0350094921872
3.730307176796501,0.1710969403179287,9.849474474770629,8,50.0,2.0,1.0,0.5,11.0,68.01743033841564
1.5053706274268857,0.08205882045068673,11.28107618291098,8,50.0,0.0,0.0,0.5,6.0,29.99674352810747
4.390335394831235,0.12108981512877978,10.434380725555048,8,50.0,2.0,1.0,1.0,11.0,86.22598859033224
25.016286574538565,0.2178673898659343,9.661738759152115,8,50.0,2.0,0.0,0.5,8.0,64.54319559993957
2.038836906975258,0.08391366471410741,11.037763829393157,8,50.0,1.0,0.0,1.0,23.0,60.47249703165307
5.494981674260352,0.13690725884810329,11.137004717129347,8,50.0,2.0,0.0,0.75,15.0,23.791440200281674
27.526538718746977,0.5985388625976802,5.852784121687238,8,50.0,1.0,0.0,1.0,10.0,82.86942549646673
11.757819906595614,0.3937538181071523,8.795131003370445,8,50.0,2.0,0.0,1.0,8.0,56.923963269367825
3.3267309963215475,0.126187043950377,10.896814118307597,8,50.0,1.0,0.0,0.5,19.0,12.14379209977106
9.594038786054336,0.17905337212310213,9.82478435259066,8,50.0,3.0,0.0,0.75,9.0,38.41880322776858
2.3051956797470368,0.18081466345984729,10.164514161623789,8,50.0,2.0,0.0,0.5,14.0,53.53427648578199
23.26008624474176,0.553025275826644,7.999902356797146,8,50.0,0.0,0.0,0.5,27.0,67.31632980578269
4.269030678719583,0.29327639526423793,10.031231366179448,8,50.0,2.0,0.0,0.75,3.0,28.07005699968802
20.23536441400757,0.44603658684425823,8.176522068538675,8,50.0,2.0,0.0,1.0,12.0,85.98956504966162
0.6841412698633624,0.03582943100238926,11.470234944237632,8,50.0,0.0,0.0,0.5,6.0,40.45803263454713
1.1348204634698713,0.09205856245699832,11.137682441577557,8,50.0,1.0,0.0,0.5,26.0,39.90223425636961
5.801841286536614,0.19382288957276778,11.103028018636667,8,50.0,0.0,0.0,0.5,25.0,84.44671691875658
33.88164272283615,0.7658457718044612,5.991819653688339,8,50.0,2.0,0.0,1.0,12.0,84.34126251021762
10.069855169648996,0.347168418022643,8.63891308596862,8,50.0,0.0,0.0,0.5,25.0,36.90797735555903
5.764633578133153,0.19343970916540443,10.200816932060825,8,50.0,1.0,1.0,1.0,11.0,49.18668675908667
6.316545896753514,0.1892059889755804,10.408744396170388,8,50.0,1.0,0.0,0.5,24.0,55.667769934832656
3.0770731553788075,0.08333422360207135,11.039014051952496,8,50.0,1.0,0.0,1.0,21.0,60.49093046340853
10.99848895020953,0.22152088238897796,10.049653909005036,8,50.0,2.0,1.0,1.0,11.0,93.21517481088758
1.8962657876794853,0.11539090883322706,11.30663023943787,8,50.0,2.0,0.0,0.5,5.0,21.302915023525205
13.712590321639004,0.32758126749570843,8.231572302524743,8,50.0,1.0,0.0,1.0,21.0,66.88201329828924
39.88264060782839,1.2366248838842167,4.256326937319648,8,50.0,2.0,0.0,0.75,8.0,132.24767175941
1.2371282417337186,0.06224983783187652,11.194288583940253,8,50.0,2.0,0.0,0.75,17.0,61.67873535291232
9.582966289083256,0.4047497191643591,9.690553057369387,8,50.0,1.0,0.0,0.5,16.0,52.31379537465372
33.05895307148632,0.885573131662241,5.5659383891370275,8,50.0,2.0,0.0,0.75,0.0,117.69607122645725
2.4566880411231136,0.11939915888571712,10.458153988558287,8,50.0,1.0,0.0,0.5,19.0,24.776806786561934
5.293727347027207,0.16275257356739214,10.198454945887974,8,50.0,2.0,1.0,0.75,11.0,66.51929274684623
19.706955998464608,0.7360202601974964,7.808756486120069,8,50.0,2.0,0.0,0.5,1.0,77.3536227011541
38.52018862781568,0.8942651450706096,5.161350233206395,8,50.0,2.0,1.0,0.75,11.0,64.65896744481881
1.3710374725025587,0.11012261956137089,10.923594102620015,8,50.0,0.0,0.0,0.5,6.0,38.713159186018906
31.46591271773288,0.4805358276061764,8.19885408347829,8,50.0,1.0,0.0,0.5,1.0,78.71439702552603
2.982116372357148,0.1697213073172582,10.056599923532739,8,50.0,2.0,0.0,0.5,14.0,50.783560730724986
7.245654121938476,0.2732824640799902,10.817024024028779,8,50.0,0.0,0.0,0.5,6.0,52.7065577635233
12.457814054626388,0.28285958896132424,9.860566677192324,8,50.0,1.0,0.0,0.75,24.0,48.13160359113183
10.340537584097014,0.3822356662597984,8.414997149928222,8,50.0,1.0,1.0,0.5,11.0,61.40344916749271
6.732054833005474,0.18049517324903772,10.982770675734843,8,50.0,2.0,0.0,0.75,15.0,23.041389265864453
22.351124309603232,0.6365521863241076,7.3615719990510025,8,50.0,2.0,0.0,0.75,5.0,61.255458959383404
8.982260701059563,0.2596888688864772,9.40697235500811,8,50.0,2.0,0.0,1.0,8.0,44.97350463882829
11.162837339676676,0.2684351148122386,9.923935279700792,8,50.0,0.0,0.0,0.5,6.0,35.66990916151813
5.595090025653465,0.19682175601528856,9.350808466873781,8,50.0,2.0,1.0,0.5,11.0,51.693233900953025
4.519305294213393,0.09673714919458633,11.04636134114404,8,50.0,1.0,0.0,0.75,24.0,37.780729230424946
3.6744783778598826,0.13147588089498544,10.526550029248817,8,50.0,2.0,1.0,1.0,11.0,71.56143530131244
7.276091371144855,0.1767443383441495,11.300483103533772,8,50.0,2.0,0.0,0.75,15.0,44.25447275811936
3.96270591402969,0.25068920931440664,9.497526860120438,8,50.0,2.0,0.0,0.5,14.0,62.648757913771995
22.907216340614617,0.7366764062781938,5.563700240948885,8,50.0,2.0,1.0,0.75,11.0,84.00178248510836
1.2259253328489867,0.06365688660146152,11.078122806135532,8,50.0,1.0,0.0,1.0,23.0,58.88555834489683
3.84972777076156,0.15955089355301194,10.982414859314634,8,50.0,2.0,0.0,0.75,17.0,62.04224385280299
26.608016265919574,0.7177845891226932,6.935223565266526,8,50.0,1.0,1.0,0.5,11.0,104.69127831123772
0.6370120169019577,0.0504505235182306,11.800623603289644,8,50.0,0.0,0.0,1.0,21.0,38.67446285937444
3.8166597811261376,0.1428737038610516,9.910839777597138,8,50.0,0.0,0.0,1.0,21.0,45.67022047184736
5.156963801493643,0.20584077194211664,10.558831272700466,8,50.0,2.0,0.0,0.5,1.0,44.05206522713616
6.387684188077128,0.1870124910419124,9.650059380634397,8,50.0,0.0,0.0,0.75,23.0,58.31867845854351
6.468172464520256,0.19916896772580867,9.540722985166203,8,50.0,0.0,0.0,0.5,6.0,46.34468667236515
11.310478853541285,0.4892757596188254,7.826683273542621,8,50.0,1.0,0.0,0.5,10.0,58.20522898571537
9.89853267613414,0.337649139746389,8.486672023490959,8,50.0,1.0,0.0,0.75,10.0,52.41084284915023
1.726218416665757,0.08223252434686368,11.442705183676457,8,50.0,0.0,0.0,0.5,27.0,41.764461489567665
18.42662864784011,0.536663268203778,7.618369748881471,8,50.0,2.0,0.0,0.75,5.0,59.8813943972927
10.167875723206484,0.4076607040482498,8.210263633912355,8,50.0,2.0,1.0,0.75,11.0,67.44738594150687
7.725186068121525,0.23071794270641505,9.483077611962374,8,50.0,0.0,0.0,0.5,6.0,55.421713013352345
5.804357230408701,0.20022861196417838,11.06606461332588,8,50.0,0.0,0.0,0.5,25.0,72.74727726942193
4.509638268961205,0.12820721374910402,10.44240626692109,8,50.0,2.0,0.0,1.0,5.0,69.93112259085599
25.65588974144232,0.634144768946279,6.857911239183546,8,50.0,1.0,0.0,0.5,1.0,76.51914202620985
38.245705839353285,0.9422769886036918,5.441878823231792,8,50.0,2.0,0.0,0.75,0.0,119.61914077243725
10.620155236783129,0.2962690628116636,9.103968022274442,8,50.0,1.0,0.0,0.5,10.0,60.23990302522097
17.23441445595664,0.5140551141580885,8.180107501082544,8,50.0,0.0,0.0,0.5,25.0,52.587696679188966
36.09852179329963,1.1387662056174253,7.338940802866975,8,50.0,2.0,0.0,1.0,4.0,93.12587741262843
5.591562250819677,0.19307306309793051,10.787932515958245,8,50.0,0.0,0.0,0.5,25.0,24.95964955166757
7.5486232649431315,0.24741631238348993,9.988224315678025,8,50.0,0.0,0.0,0.5,6.0,18.682360244530432
0.4935286622634296,0.041985326305953675,11.713117879577657,8,50.0,1.0,0.0,0.75,13.0,50.15472606671266
13.809856012635581,0.404201696019855,9.534327508554423,8,50.0,2.0,0.0,0.75,20.0,60.83715181814141
13.500553897743787,0.3711189995649376,8.432368361480338,8,50.0,0.0,0.0,0.5,6.0,47.37542574359392
3.4808887189560145,0.1434754308004744,11.015992332768693,8,50.0,0.0,0.0,0.5,6.0,60.34653845342104
6.078536851463474,0.17664476468755685,10.502645762400075,8,50.0,2.0,0.0,1.0,5.0,44.74857381741834
20.88413017473238,0.7798495238845641,6.4459409681918896,8,50.0,2.0,0.0,1.0,5.0,124.20420001443591
3.054919098016329,0.19669901574242737,10.470163892115371,8,50.0,2.0,0.0,0.75,3.0,27.327094797959795
8.97654800372555,0.2044923362594744,10.21734207884741,8,50.0,0.0,0.0,0.5,6.0,48.442836565923756
15.249190651418509,0.343792641898666,9.586158133041321,8,50.0,2.0,0.0,0.75,15.0,43.06378104996262
23.55751741597514,0.5348563293719977,8.078473423167768,8,50.0,1.0,0.0,0.5,1.0,93.74625823515396
4.84104089213997,0.10301534809601903,11.36680639598487,8,50.0,1.0,0.0,0.75,24.0,39.01649021122769
3.034328742616867,0.13301132639491833,10.247366286937522,8,50.0,1.0,0.0,0.5,10.0,52.9925240705001
24.149282911857313,0.5564761430456315,8.02785271486167,8,50.0,2.0,1.0,0.75,11.0,67.36995053718901
2.5587293756675367,0.12381840039803245,10.5752629442985,8,50.0,1.0,0.0,1.0,23.0,60.131575016134505
2.488652754173451,0.11151540609237312,10.151231501938529,8,50.0,1.0,1.0,0.75,11.0,31.522874084214823
11.118350079202113,0.44733893796516205,9.270072256404559,8,50.0,1.0,0.0,0.5,16.0,47.74635577021769
2.0581566891874674,0.07234223591116903,10.784026964222198,8,50.0,0.0,0.0,1.0,21.0,61.69363313460916
21.568011186061927,0.3165515628509362,8.943142306338371,8,50.0,2.0,0.0,1.0,8.0,58.793238065013206
14.569111482152248,0.3234742290763752,9.724875105140082,8,50.0,1.0,0.0,0.75,24.0,48.4895430127225
47.517541210190885,1.2082113550477682,5.249562394577547,8,50.0,2.0,0.0,1.0,4.0,119.1232362199703
4.240448395974498,0.1904430510860869,9.769547683075867,8,50.0,2.0,0.0,0.5,10.0,38.434296770507665
12.029149745274083,0.4739022052478329,8.64718254081453,8,50.0,1.0,0.0,0.5,19.0,43.17255829818304
4.249041209802646,0.17176975048683388,10.682811263149663,8,50.0,2.0,1.0,0.75,11.0,71.52258152973955
19.615892152950487,0.20130136121949238,10.842710118595617,8,50.0,2.0,0.0,0.75,5.0,52.339420904003624
12.383891704111798,0.25651624790243793,9.850923791136918,8,50.0,0.0,0.0,0.5,27.0,76.2335641723152
4.491051500583161,0.133365057732629,10.360572745785158,8,50.0,1.0,0.0,1.0,21.0,65.10401171780244
3.8254864548675873,0.1802759600943963,10.029888230522744,8,50.0,1.0,0.0,0.5,10.0,46.354900652945275
5.899903708524589,0.2847255193319606,9.10026945567098,8,50.0,1.0,0.0,1.0,23.0,58.82168714997927
9.941398846644903,0.46673552142750907,8.126403214410924,8,50.0,1.0,0.0,0.5,10.0,59.932443677639704
9.730165128551334,0.26593823714254494,8.879479254035392,8,50.0,1.0,0.0,0.5,18.0,36.65123591061311
17.227191457574875,0.3618037685721016,9.333371366611914,8,50.0,1.0,0.0,0.5,1.0,49.52228350954666
13.08852900543568,0.345034402936496,8.235882922560297,8,50.0,1.0,0.0,1.0,10.0,71.65482230302075
8.584264356290188,0.17872074286761727,9.978394286555748,8,50.0,3.0,0.0,0.75,9.0,44.60376969918695
5.099586034237685,0.1704693813696481,10.416973227281831,8,50.0,2.0,1.0,0.5,11.0,55.794040717396015
15.07447996392482,0.42412666216234146,9.563834071742932,8,50.0,2.0,0.0,0.75,15.0,34.175600379985745
2.864605445906011,0.12410652302692361,10.524456823257559,8,50.0,1.0,0.0,1.0,21.0,50.56048630619409
12.174600138570913,0.16619477567080804,10.394580201243404,8,50.0,2.0,1.0,0.5,11.0,58.43007548857091
2.471012226432247,0.1260272430533784,11.004544998998629,8,50.0,0.0,0.0,0.5,27.0,68.54973277725479
5.005982814295976,0.31098912071783985,9.123205267650556,8,50.0,2.0,0.0,0.5,14.0,52.62812102401579
3.3484167256066764,0.12838607095562524,9.924982117928181,8,50.0,2.0,1.0,0.75,11.0,60.22550722449348
8.093436293502364,0.3146624224530979,10.232298622676575,8,50.0,1.0,0.0,0.5,16.0,41.275244863379875
14.006357873099068,0.42316317979806434,8.21867003586209,8,50.0,2.0,0.0,1.0,8.0,55.44972225284657
1.2788136546093416,0.06833551473442191,11.116560452039822,8,50.0,2.0,0.0,0.75,17.0,61.27364256963104
1.8482118553994562,0.019294059017150575,11.475949400530848,8,50.0,1.0,1.0,0.75,11.0,43.93811883050813
2.398403177948489,0.1401901152150603,11.39239208465042,8,50.0,2.0,0.0,0.5,5.0,26.93577801285701
5.754604673039004,0.14168592648356257,10.416483137233461,8,50.0,2.0,0.0,0.5,7.0,29.248531342416978
4.7137125855740605,0.06625683241311406,10.786784588118964,8,50.0,2.0,0.0,0.5,7.0,20.29344305022662
6.059737531969597,0.17296659548134083,10.038675750268258,8,50.0,2.0,0.0,1.0,5.0,82.9578164938153
35.81160792095812,0.89999291310661,6.030526610770748,8,50.0,2.0,0.0,0.75,0.0,139.88010173659265
18.919216551132344,0.5142973600230336,7.977849834582249,8,50.0,2.0,0.0,0.5,5.0,53.62158390721777
6.320541115562848,0.19535734577062341,10.553972535689377,8,50.0,0.0,0.0,0.5,6.0,45.61422828964762
31.23955278709355,0.5944430308671157,6.7588770678795775,8,50.0,1.0,0.0,0.9,5.0,123.49752047720928
7.648288456240247,0.29745589805774614,8.646825033932041,8,50.0,2.0,1.0,0.5,11.0,68.44410385625687
22.019835523313148,0.5233529966563389,7.919026938884765,8,50.0,2.0,1.0,0.5,11.0,60.443051557504184
4.945436962714702,0.08212396096893809,10.993865193928846,8,50.0,1.0,0.0,1.0,21.0,50.550496751513776
20.466302067191396,0.37627204592514185,8.613592085485829,8,50.0,1.0,0.0,0.9,5.0,88.97851730545322
18.88046430462281,0.4304429825936013,8.043379942709958,8,50.0,2.0,0.0,1.0,12.0,77.0663614524387
6.548304290943525,0.2294150663277147,10.32422171371718,8,50.0,0.0,0.0,0.5,6.0,57.10769705836423
5.396624414751113,0.19972110139400168,10.327035322411373,8,50.0,1.0,0.0,0.5,10.0,52.21948505600405
2.5430648362970487,0.11396491272561966,11.325690073693307,8,50.0,0.0,0.0,0.5,27.0,64.66554625281088
7.556589524259183,0.32912257916966325,9.367842548625811,8,50.0,0.0,0.0,0.5,6.0,56.933792988212645
3.6555312326006786,0.1658680772591698,10.317152672884035,8,50.0,1.0,0.0,1.0,21.0,70.12500883133066
18.057359301260693,0.12955595391136054,10.201655267266483,8,50.0,2.0,0.0,0.5,8.0,69.06800804235483
33.8802208864351,1.2809580585843932,3.8920775603894713,8,50.0,2.0,0.0,0.75,8.0,122.6006182275856
1.690548086694784,0.0940543019870001,11.13362303061718,8,50.0,2.0,0.0,0.75,17.0,66.58920319591756
8.756300751727997,0.3229864382914027,8.969315376698923,8,50.0,0.0,0.0,0.5,27.0,58.546295754768394
5.109280318836006,0.1742020924872138,11.377644429948006,8,50.0,0.0,0.0,0.5,25.0,83.50514924243922
9.26179382542105,0.28964357434525595,8.951004360755523,8,50.0,2.0,0.0,1.0,8.0,58.3646209582166
8.988430194046458,0.2954929631742656,9.132611016258096,8,50.0,1.0,1.0,1.0,11.0,40.49274607895914
4.763906522033628,0.21298521119194244,10.34810839684368,8,50.0,1.0,0.0,0.75,13.0,40.46364622652476
2.2120027142577667,0.12292654104539326,11.493800586334512,8,50.0,2.0,0.0,0.75,17.0,62.67519482741546
21.817210334642482,0.7810609094338767,7.089038450364459,8,50.0,0.0,0.0,0.5,6.0,93.40646118238875
17.481891660099198,0.44507821381742796,8.044205177258647,8,50.0,2.0,1.0,0.75,11.0,74.17857236624187
3.495776624700714,0.15068815568642968,10.218363861468385,8,50.0,2.0,0.0,0.75,20.0,52.54285898112795
15.178733222767434,0.13042456073810843,11.049190172400868,8,50.0,2.0,0.0,0.75,5.0,55.473908421155976
4.823191087888422,0.25569743105625653,9.35031797637769,8,50.0,2.0,0.0,1.0,5.0,53.69182174762864
3.3045136722188095,0.12157877945729927,10.689670461227301,8,50.0,2.0,1.0,1.0,11.0,71.70619539401017
2.9707403692322956,0.21954080891747535,9.633351261486894,8,50.0,2.0,0.0,0.5,14.0,58.11834639406968
9.714088869195066,0.419445881174585,8.920970087528804,8,50.0,1.0,0.0,0.5,10.0,52.248917760342636
8.240088889623683,0.23801949894241986,10.819218619220877,8,50.0,1.0,0.0,0.5,26.0,57.37889453576573
18.174220830099845,0.4823990664961639,8.526054047064342,8,50.0,1.0,0.0,1.0,23.0,95.58705535122655
3.0492329180040194,0.1917684012606139,10.037479722998752,8,50.0,1.0,0.0,0.5,10.0,39.234956519044445
8.637162300808077,0.428125642145453,8.511512150265713,8,50.0,1.0,0.0,0.5,10.0,44.758292017518066
2.351667695669246,0.08451718054990628,11.508840338547392,8,50.0,2.0,0.0,0.75,20.0,32.564243097953465
37.25555983531019,0.9005171158318112,5.988065410734079,8,50.0,2.0,0.0,0.75,0.0,140.00930278352902
45.984958892149045,1.5443593261399853,1.5813957221660306,8,50.0,2.0,0.0,0.75,8.0,149.05997968301642
1.9402581169791213,0.16473964877124128,9.975079326653923,8,50.0,2.0,0.0,0.5,14.0,45.10843630584742
13.847422460814403,0.4082217069823666,8.537531345936646,8,50.0,0.0,0.0,0.5,6.0,42.18012747339953
8.626372943056031,0.1955895949354293,10.212922484826416,8,50.0,1.0,0.0,0.5,24.0,51.72473887019361
2.6471866592570468,0.14628400983947062,10.05920737538741,8,50.0,2.0,1.0,0.5,11.0,67.83461114224829
6.484562566844515,0.14484962209640198,10.698368402489983,8,50.0,2.0,0.0,0.5,7.0,28.33292616771132
4.496556697292257,0.08450326275715729,11.226659416111715,8,50.0,2.0,0.0,0.5,7.0,19.82088441968312
9.67200412035469,0.42823861994405754,8.851937384753972,8,50.0,1.0,0.0,0.5,10.0,61.0766739911448
32.782896219340856,0.615748823740497,6.105538981354285,8,50.0,1.0,0.0,0.9,5.0,107.05506756018231
5.80695964846759,0.20003148872440563,10.691969114843687,8,50.0,2.0,0.0,0.5,1.0,42.95768597865119
22.701601420917328,0.6773533770157477,7.002156858052031,8,50.0,2.0,0.0,0.5,2.0,68.62113585188104
5.667188989329327,0.16241692238194452,10.2199058812837,8,50.0,0.0,0.0,0.75,23.0,58.10193513616337
25.970632102754173,1.025800900617387,5.383954553804345,8,50.0,2.0,0.0,0.75,8.0,115.14357119873061
17.915789456272876,0.5244857651253234,8.597463127891045,8,50.0,2.0,0.0,0.75,5.0,40.55528272855277
8.531722624875844,0.3210923281243215,7.9747558649364425,8,50.0,1.0,0.0,0.5,18.0,56.58553731601885
6.164036438579073,0.17130216085541028,11.291790007709107,8,50.0,2.0,0.0,0.75,15.0,15.025680806116906
2.187491480182729,0.0837320473781767,10.822766583607594,8,50.0,2.0,1.0,1.0,11.0,78.03636910641025
34.44046118536917,1.1011808883204492,6.764450644358515,8,50.0,2.0,0.0,1.0,4.0,84.8558409682021
0.39146501851006094,0.020874209498297214,11.699923010790306,8,50.0,1.0,0.0,0.75,24.0,30.247119494498673
12.457903048505848,0.351874445866814,8.716535383337948,8,50.0,0.0,0.0,0.5,25.0,36.65008574916472
6.470292937697269,0.27089599581307766,10.716113189801556,8,50.0,2.0,0.0,0.5,1.0,40.45753757395537
24.166605084805543,0.6088232738970457,7.95082851357865,8,50.0,1.0,0.0,0.5,24.0,97.68832369046356
1.0605337078239876,0.0592077961718743,11.195551045080776,8,50.0,0.0,0.0,0.5,27.0,60.81006048562499
0.7754661046160571,0.06701510189178835,10.744565679102605,8,50.0,2.0,1.0,0.5,11.0,71.47498525942852
0.0,0.0,11.784235035999682,8,50.0,0.0,0.0,0.5,6.0,33.52247913926902
7.934395493093663,0.20677197327516258,9.482834711790254,8,50.0,0.0,0.0,0.75,23.0,51.292154532140664
10.220001649831268,0.415909770623416,7.967936648462989,8,50.0,2.0,1.0,0.75,11.0,54.687641023224494
21.173785278793208,0.6304800787074707,7.921913374033196,8,50.0,2.0,0.0,0.75,5.0,58.124402136625775
5.005231030441899,0.11346207044915975,10.952763550272458,8,50.0,0.0,0.0,0.5,6.0,45.2400411897236
2.750323339293036,0.08290101896882941,11.100314758064732,8,50.0,1.0,0.0,1.0,23.0,56.22388798887867
6.0488508336922076,0.15186714142631916,11.415793459410917,8,50.0,2.0,0.0,0.75,15.0,28.57360064079551
8.36385391112643,0.21532355579012097,10.720023472183776,8,50.0,2.0,0.0,0.75,15.0,27.95907106728944
11.234669932121939,0.2961730831361002,9.866071341478865,8,50.0,2.0,0.0,0.75,15.0,30.733348978472264
2.2109414209678864,0.08006806616574438,11.424486421480806,8,50.0,1.0,0.0,0.75,13.0,37.80171035892483
31.562139723120993,1.2553343604295144,3.739592275329946,8,50.0,2.0,0.0,0.75,8.0,126.61772061473145
13.259422972141063,0.3293975968037019,9.762870530709051,8,50.0,2.0,0.0,0.75,15.0,33.72322287989399
14.72836208978589,0.2568856422246159,9.782055200354145,8,50.0,1.0,0.0,0.75,13.0,68.99038412123176
5.36491520696008,0.19006320313461347,10.317462693970025,8,50.0,1.0,0.0,0.75,24.0,46.735471652497374
15.552315203852054,0.41261970892929806,8.007776431851713,8,50.0,0.0,0.0,0.5,25.0,43.664827294948886
0.9741656046435325,0.03306016270551241,11.723958615620235,8,50.0,1.0,0.0,0.5,26.0,44.86665022775716
2.7886164947563734,0.09685155108797439,11.34365039275981,8,50.0,2.0,0.0,0.75,17.0,48.82897625729454
4.821105457846621,0.1593454257770185,11.139111461395714,8,50.0,2.0,0.0,0.5,2.0,56.223248382862515
2.0271649890750187,0.0202453174100894,11.38914602547991,8,50.0,1.0,1.0,0.75,11.0,22.96330270329758
4.584756061379013,0.19139289324690997,9.55128349002978,8,50.0,1.0,0.0,0.5,10.0,56.3426943209398
4.193039875942233,0.1598885724222246,10.360711575831456,8,50.0,0.0,0.0,0.5,6.0,25.127629460323757
3.0246836400468258,0.1189635039473019,10.532867553772924,8,50.0,0.0,0.0,0.5,6.0,16.246510878555448
16.93361098807105,0.4727105812734064,8.565706870732743,8,50.0,2.0,0.0,0.75,5.0,49.505643108682584
3.0530733003038226,0.08402372584772594,10.952450573385718,8,50.0,1.0,0.0,1.0,21.0,68.74858028517463
12.800189207706252,0.22271402013312944,10.257738293831403,8,50.0,2.0,0.0,0.75,3.0,25.04351110025389
28.04645591965593,0.8299574549063593,5.729414740565383,8,50.0,2.0,0.0,0.5,2.0,91.468399055495
2.4874900134889613,0.11929722518614952,11.522924482362765,8,50.0,0.0,0.0,0.5,27.0,56.072995077327214
26.382164825579622,1.038992088421721,5.2263002138492896,8,50.0,2.0,0.0,0.75,8.0,114.33803307079742
8.69485655429822,0.23236803243377904,9.56444406042579,8,50.0,0.0,0.0,0.5,6.0,40.17920574758796
11.480876184899554,0.38403978926078647,7.826281577652023,8,50.0,1.0,0.0,0.5,18.0,42.093788801396535
20.6680843536497,0.20655834929662925,10.243942550429885,8,50.0,2.0,0.0,0.5,8.0,60.42581738760245
31.290961520408946,1.140497656342585,4.372723960642146,8,50.0,2.0,0.0,0.75,8.0,126.98873152426395
0.9364346130080863,0.03476008530183951,11.731463827346028,8,50.0,1.0,0.0,0.75,24.0,42.576392398060875
17.257497378516963,0.4437492440572971,8.136810067140438,8,50.0,2.0,0.0,0.5,10.0,64.21383491158248
3.094783048046893,0.22935730106322863,9.315640843102848,8,50.0,2.0,0.0,0.5,14.0,52.87228622810343
5.5497820687423225,0.15796953760149313,10.956373389142035,8,50.0,2.0,0.0,0.75,17.0,63.80041990094344
8.550423302297293,0.38580007735694094,8.768926155334839,8,50.0,1.0,0.0,0.5,10.0,66.88642121371869
5.172081004179426,0.18627302418860825,9.88562623224907,8,50.0,1.0,0.0,0.5,10.0,47.68803042213831
23.338809434855374,0.5216159981262621,8.028480273283627,8,50.0,0.0,0.0,0.5,6.0,46.821070660420276
25.247718224848185,0.7521497561714345,6.128586457092147,8,50.0,2.0,0.0,0.5,2.0,100.09099930821505
3.161084416865948,0.09398041352749759,10.929608542112629,8,50.0,2.0,0.0,0.75,17.0,58.21711425401519
21.153964861219826,0.6709640893142498,9.06010982017169,8,50.0,0.0,0.0,0.5,6.0,40.18783716536378
3.166881396850041,0.0851985407629388,11.191323307060063,8,50.0,2.0,1.0,0.5,11.0,52.01591792479287
0.0,0.0,11.998390758763806,8,50.0,2.0,0.0,0.5,5.0,33.07365221499829
5.371931489749929,0.13841545532944835,10.999814981641702,8,50.0,1.0,0.0,0.5,19.0,17.893518978959317
5.668194551190476,0.1387168005525459,10.65868956335485,8,50.0,1.0,0.0,0.5,24.0,55.11594919633633
1.0635539655858164,0.09206143663210019,10.932429450372032,8,50.0,0.0,0.0,0.5,27.0,59.693333697328406
10.369982308381822,0.21746912851301492,9.6640819181116,8,50.0,3.0,0.0,0.75,9.0,39.599021300060095
6.402638481219894,0.17748039377663785,11.041039035155018,8,50.0,2.0,0.0,0.75,15.0,35.02866134518514
19.442336141214632,0.4786336968068629,6.850481085984947,8,50.0,1.0,0.0,1.0,10.0,68.6954703714776
7.082731944219774,0.1855182903368673,11.204141125450366,8,50.0,2.0,0.0,0.75,15.0,17.48204487976585
3.1832556326173678,0.1955370823043047,10.650591796031161,8,50.0,2.0,1.0,0.5,11.0,69.21706285787748
0.8647419516964598,0.04135945455713173,11.551952684954482,8,50.0,1.0,0.0,0.5,26.0,58.39565383884551
2.7118313322117555,0.12247328195787976,10.815650756985372,8,50.0,0.0,0.0,0.5,6.0,65.6863921205835
1.0071059479772793,0.0276263385271018,11.79114532145653,8,50.0,2.0,0.0,0.75,17.0,72.00832590545876
23.183309524666,0.6535735962778001,6.5242611768032495,8,50.0,0.0,0.0,0.75,23.0,86.39434706675884
21.93131358579818,0.1999842044973069,9.662078381920962,8,50.0,2.0,0.0,0.5,8.0,62.34098523793867
13.308509941723775,0.355633504766227,8.484680149233688,8,50.0,0.0,0.0,0.5,6.0,48.39370049921808
9.509140044559258,0.33951034407385366,8.440365617609562,8,50.0,0.0,0.0,0.75,23.0,61.43388928201135
3.3685424286876477,0.08217435112836328,10.798410156170059,8,50.0,1.0,0.0,1.0,23.0,52.607776215549
10.543812771906852,0.3162159713540974,9.371922739027204,8,50.0,1.0,1.0,0.5,11.0,58.15025408253137
18.3124278406817,0.5808553185632206,8.886388999686176,8,50.0,1.0,0.0,0.5,19.0,38.72508295997522
2.5936134563215814,0.1978117508243808,10.707197472508826,8,50.0,2.0,0.0,0.75,3.0,4.682246182057565
1.3021934742603627,0.11369040008883215,11.294090804624876,8,50.0,1.0,1.0,0.75,11.0,12.647929614636052
5.96527850323171,0.19514340002646632,11.000799444245624,8,50.0,0.0,0.0,0.5,6.0,47.667371120423404
4.326899808243305,0.17156438064552207,9.894928488994262,8,50.0,1.0,0.0,0.5,10.0,48.99339287841237
4.744901227695548,0.15076505313026342,10.472076703536457,8,50.0,0.0,0.0,0.5,6.0,38.1642118648908
12.16037908563787,0.39075301949451235,8.171655767857962,8,50.0,1.0,0.0,0.75,10.0,54.47130534154622
5.3763498592953285,0.23144303769377658,10.111038091084941,8,50.0,1.0,0.0,0.75,24.0,45.17931351413294
20.233232604996438,0.16819628475808535,9.943772566686798,8,50.0,2.0,0.0,0.5,8.0,71.25668235019633
5.803225383814085,0.2542312411310363,9.238909501226203,8,50.0,2.0,0.0,1.0,5.0,51.4972772848763
3.3746999625479868,0.1880308667074356,10.627700213218136,8,50.0,2.0,0.0,1.0,10.0,49.953848640041016
4.8552358004744605,0.17786161286966148,10.350264722704143,8,50.0,2.0,1.0,1.0,11.0,73.81016017524082
1.4493840350970164,0.07990521513941867,11.20365424038022,8,50.0,0.0,0.0,0.5,27.0,64.33348060748739
9.324910563813491,0.22333419807173346,10.704322429780056,8,50.0,2.0,0.0,0.75,15.0,30.05272225292176
31.359313727355296,0.950685485391083,7.5312195773967785,8,50.0,2.0,0.0,1.0,4.0,74.30562292413192
4.12332432199525,0.1394848926643449,11.30441953925351,8,50.0,0.0,0.0,0.5,25.0,82.71835755289702
22.99122654767815,0.6088073378139365,6.864032331088205,8,50.0,2.0,0.0,0.5,10.0,56.39804713044817
39.617902683795705,0.9732404061533121,5.39188317090154,8,50.0,2.0,0.0,0.75,0.0,136.65297157619813
7.5070976190522645,0.30699874178535685,9.958143992383436,8,50.0,1.0,0.0,1.0,22.0,40.50003356022165
18.456566225062755,0.09539589899286706,10.80449403995993,8,50.0,2.0,0.0,0.5,8.0,44.36973519431761
20.718799730833293,0.5801615446780793,8.230238258829875,8,50.0,2.0,0.0,0.75,5.0,55.275530307094904
13.588976686552927,0.4265119645562468,7.864430665098676,8,50.0,2.0,0.0,1.0,8.0,58.72223525510088
4.8676986532893585,0.20670605456058788,10.865427468648743,8,50.0,0.0,0.0,0.5,6.0,53.53861958527099
5.587987218770829,0.17919287781783036,10.410200190785465,8,50.0,0.0,0.0,0.5,6.0,50.56712063333813
9.039818829225544,0.2289340600962135,11.134873642389147,8,50.0,2.0,0.0,0.75,15.0,27.6657591323774
6.185980536934701,0.263845991349241,10.462222514295274,8,50.0,1.0,0.0,0.5,16.0,40.85870455659143
3.0975111816238954,0.11453941291502344,10.559477545887932,8,50.0,1.0,0.0,1.0,23.0,78.5906689578709
29.45173077883667,1.1121696802180205,4.735227335368706,8,50.0,2.0,0.0,0.75,8.0,118.26089179292482
31.741931660248685,0.4692690616222217,7.853870528171374,8,50.0,1.0,0.0,0.5,1.0,82.40647936813023
24.91693553729628,0.5407827243047026,8.11033252634983,8,50.0,1.0,0.0,0.5,1.0,79.98837738418366
2.589232926787327,0.08317929903362069,11.163651118187252,8,50.0,2.0,0.0,0.5,2.0,37.465067106989
19.1252470731922,0.5870186211873782,7.247285492153713,8,50.0,2.0,0.0,0.5,14.0,93.95490870156107
4.279566357152028,0.19854715773825257,9.78916256820664,8,50.0,2.0,0.0,0.5,5.0,49.38640294794579
3.099045600495682,0.14718347216536776,10.32567983281101,8,50.0,2.0,0.0,1.0,5.0,43.303002710507315
15.099496269100467,0.5584517866265909,7.83713331824365,8,50.0,2.0,0.0,0.75,20.0,83.10220909527206
0.4619058039232404,0.02592482471511775,12.083060603712688,8,50.0,0.0,0.0,0.5,27.0,64.0834128236792
12.299108471113705,0.3718434174588231,8.872907364733015,8,50.0,2.0,0.0,1.0,8.0,68.91556655781869
18.087509821954445,0.3822113619974248,8.32840737565043,8,50.0,2.0,0.0,1.0,12.0,80.54736616599953
4.549688919386093,0.18932389746223244,10.04681097685368,8,50.0,1.0,0.0,0.5,10.0,42.09223277867291
1.7932835797152564,0.11895924384207704,10.617922310346627,8,50.0,0.0,0.0,0.5,6.0,6.070927400180366
43.68656285491126,1.3281480950004037,5.317671372769882,8,50.0,2.0,0.0,1.0,4.0,94.63558255911227
5.522872711792481,0.1700567384053387,10.145163351636187,8,50.0,2.0,0.0,1.0,5.0,95.89022903698039
2.4682458026684784,0.07036251957499846,10.911840226227635,8,50.0,0.0,0.0,1.0,21.0,70.92923870270477
7.221665869121721,0.2002908608096436,9.36530981248185,8,50.0,2.0,0.0,1.0,5.0,82.02188489136753
2.2911771655129662,0.07589066022745186,10.836423584382276,8,50.0,2.0,0.0,0.5,2.0,17.412803748057858
5.562194593568717,0.19207460032387416,10.77576008406392,8,50.0,0.0,0.0,0.5,25.0,66.46153668111985
46.26990767072771,1.028309401140116,5.271578755964277,8,50.0,2.0,0.0,0.75,0.0,141.01877234594681
0.0,0.0,11.909570162908862,8,50.0,1.0,0.0,0.75,24.0,23.11691559751832
35.56817238097651,1.1723270244488506,6.8493738332395315,8,50.0,2.0,0.0,1.0,4.0,85.57871784518953
6.642800111718084,0.20227112815924145,10.292314920037844,8,50.0,0.0,0.0,0.5,6.0,49.8054509046824
6.7083179621818765,0.2876381627080762,9.30931680540202,8,50.0,1.0,1.0,1.0,11.0,21.65915673577925
3.106306890946382,0.041829563324291434,11.187064655995206,8,50.0,2.0,0.0,0.5,7.0,27.358411452594662
9.315619893375553,0.24632254954653723,10.636873486807335,8,50.0,2.0,0.0,0.75,15.0,41.72762029713711
18.548974484075387,0.35314096765585024,8.890871211526527,8,50.0,1.0,0.0,0.9,5.0,75.61774227390147
0.0,0.0,11.762610996016528,8,50.0,2.0,0.0,0.75,17.0,37.415295692178844
7.493766578818398,0.24299350651559706,9.907502593794938,8,50.0,0.0,0.0,0.5,6.0,51.03030269908298
6.635061688736879,0.12560206462059423,11.26381413863758,8,50.0,3.0,0.0,0.75,9.0,24.310908036657896
21.902077054748776,0.5423205562322906,8.131466351548077,8,50.0,2.0,0.0,0.5,5.0,73.80845460221367
4.896436618412779,0.17674681147353347,10.58484142493375,8,50.0,0.0,0.0,0.5,25.0,15.895752343967294
17.9144897915785,0.3570509106700556,9.280404087985966,8,50.0,0.0,0.0,0.5,6.0,57.3973662958761
25.520963061492747,0.5196500543684354,7.055336766319151,8,50.0,1.0,0.0,0.9,5.0,110.10374073402085
20.268594351002204,0.6447230473729821,5.823420672749607,8,50.0,1.0,0.0,0.5,18.0,68.0042268608828
30.55823606530998,1.0076801494884668,7.288804752284594,8,50.0,2.0,0.0,1.0,4.0,76.67366033464364
26.36845484929225,0.7728459979460933,6.154957769370391,8,50.0,2.0,0.0,0.5,2.0,85.4529915488483
7.586266593250458,0.29440260986485267,8.810286780456329,8,50.0,2.0,0.0,0.5,10.0,53.3051665914826
6.138618252448541,0.12095279285664352,10.597054179241058,8,50.0,2.0,0.0,0.5,7.0,30.19617455250501
0.829598094002352,0.047197537410228495,11.425227910122276,8,50.0,0.0,0.0,0.5,27.0,61.67071486810146
1.3754965279055853,0.036921681735048395,11.802317826401076,8,50.0,1.0,0.0,0.75,13.0,42.0962270511742
2.9542925290226427,0.22919170571807074,10.180886870135302,8,50.0,2.0,0.0,0.75,3.0,15.208123975169713
5.768760436847152,0.22973053152827239,10.302734146279679,8,50.0,0.0,0.0,0.5,6.0,53.49060684568733
3.9024703135537915,0.21001632658033498,9.710783548778922,8,50.0,2.0,1.0,0.5,11.0,61.7557596730731
11.356003972675458,0.37594180309356595,8.605270036654657,8,50.0,1.0,1.0,0.5,11.0,59.136704087267724
17.63982613478189,0.4434698808941014,7.167852808392062,8,50.0,1.0,0.0,1.0,10.0,69.34010251049222
0.0,0.0,12.054762321292015,8,50.0,1.0,0.0,0.75,13.0,26.226322828995187
6.134862369651351,0.16683879240775618,10.344748367397354,8,50.0,1.0,0.0,0.5,24.0,63.58759100439524
4.282908040268181,0.24483920824515687,9.199274056823267,8,50.0,2.0,0.0,1.0,5.0,38.79473460804559
7.489051862141389,0.15465433442983195,10.333300306645166,8,50.0,0.0,0.0,0.5,6.0,30.00477052814944
22.47487990618332,0.7023153613499585,5.9437829232453865,8,50.0,2.0,1.0,0.75,11.0,62.341730504528705
25.295188024726542,0.549414664268259,7.6622501130144185,8,50.0,1.0,0.0,0.5,1.0,80.18918884778574
1.9006735968376631,0.06531708275802896,11.705667950085134,8,50.0,0.0,0.0,1.0,21.0,61.59540020515047
22.5832098191513,0.43341970851488987,8.014393570057605,8,50.0,1.0,0.0,0.9,5.0,107.62009420223481
24.319824027179816,0.1873610053308574,9.765253320261891,8,50.0,2.0,0.0,0.5,8.0,61.365528249791204
22.07951191252649,0.4866996805116705,7.83321801269523,8,50.0,2.0,0.0,1.0,12.0,79.95291579685619
0.8781530354636645,0.07711364646096365,11.466575350955177,8,50.0,0.0,0.0,0.5,27.0,47.01358425320763
2.596039010649442,0.08495179383879178,11.06438077504976,8,50.0,2.0,1.0,0.5,11.0,68.84390394175065
13.024268211047747,0.2843578312613914,10.13369020874404,8,50.0,1.0,0.0,0.5,24.0,64.22510398800114
14.951905108549468,0.43817812687083624,7.3805042432434105,8,50.0,1.0,0.0,1.0,10.0,64.06120116549684
11.151154743290508,0.24466058564229887,10.092994865581227,8,50.0,0.0,0.0,0.5,6.0,45.206058860873654
6.893406036282134,0.21208667298803768,10.294666568668495,8,50.0,0.0,0.0,0.5,6.0,41.13358370652525
34.079913942721326,1.3173363039931838,4.088870119067981,8,50.0,2.0,0.0,0.75,8.0,130.25158169495833
12.408557539401322,0.23745140823578792,9.854944997928424,8,50.0,2.0,0.0,0.5,7.0,38.13027672364449
6.0342400057876775,0.23966293130319108,10.337210469827177,8,50.0,0.0,0.0,0.5,27.0,60.5327314056753
21.10317953531258,0.46834564805689816,7.926173394780768,8,50.0,2.0,0.0,1.0,12.0,88.94246760012368
2.8838508945945507,0.06430372723282958,11.280613065582765,8,50.0,2.0,0.0,0.5,5.0,18.2708179160678
15.505664457813934,0.27413402586725616,9.557858830757743,8,50.0,1.0,1.0,0.5,11.0,64.93231355863615
20.14796349719334,0.4935260215722519,8.112759528783238,8,50.0,1.0,0.0,0.5,1.0,78.83771356828522
17.117946348237414,0.5583134635968551,8.197077165722767,8,50.0,2.0,0.0,0.75,5.0,36.221642110168894
10.749328198007982,0.32334942685176643,9.575740981436757,8,50.0,1.0,0.0,0.5,26.0,72.75860566802018
0.0,0.0,12.377281939432947,8,50.0,2.0,0.0,0.5,5.0,17.29962204320914
18.695766560307977,0.18753646078442285,10.756604916339102,8,50.0,2.0,0.0,0.75,5.0,67.68295478069705
4.047069784665671,0.17117221048075767,9.93497251758276,8,50.0,0.0,0.0,0.5,6.0,49.67070506634776
4.472376267485149,0.2103409020514903,9.932345173349058,8,50.0,0.0,0.0,0.5,27.0,54.933535251059396
24.521372600919623,0.5009232995687215,7.328028454740609,8,50.0,1.0,0.0,0.9,5.0,92.99749207627345
0.9428367435385601,0.05145667062511236,11.546228518663334,8,50.0,1.0,0.0,1.0,23.0,45.83328706481333
1.5101920056788984,0.0805641098834989,11.036636418082544,8,50.0,0.0,0.0,0.5,6.0,17.99368481092827
1.327086249177125,0.04766042291678767,11.326068950567082,8,50.0,2.0,0.0,0.75,17.0,69.26630023201993
17.90853115225217,0.4235897598685709,7.721780351831723,8,50.0,0.0,0.0,0.5,6.0,51.36873264749478
6.508016653819251,0.30622073441945746,9.986141122474223,8,50.0,1.0,0.0,1.0,22.0,56.73258369399007
7.356496518505677,0.2544972743613921,9.729456870143494,8,50.0,1.0,1.0,1.0,11.0,44.856068948262035
1.0770540313971722,0.04258392697487427,11.931954031146473,8,50.0,1.0,0.0,0.5,19.0,30.829359460770043
22.475433627856134,0.569538659283506,7.4422818774262485,8,50.0,2.0,0.0,1.0,12.0,77.69274999638597
16.20341672541148,0.3851236201900317,7.988352928812004,8,50.0,0.0,0.0,0.75,23.0,74.45533203180865
18.54423820921059,0.166978158610073,10.848496397854603,8,50.0,2.0,0.0,0.75,5.0,71.02640030095023
1.4300905732074496,0.11768793205612667,10.92285627305413,8,50.0,2.0,1.0,0.5,11.0,71.23171976705291
6.425355399396694,0.2505191751017665,9.74011164090027,8,50.0,1.0,0.0,1.0,23.0,57.81518204886322
0.4607595320881662,0.0255209996574153,11.427424021959496,8,50.0,1.0,1.0,0.75,11.0,49.755966591035026
11.833613005758902,0.4048812815306417,8.50846199344691,8,50.0,1.0,1.0,0.5,11.0,56.94260151993576
1.6289815919201898,0.04468909511599232,12.008152514712526,8,50.0,2.0,0.0,0.75,20.0,55.31278357630824
2.765399514983841,0.10225225444285162,10.390232823231752,8,50.0,2.0,1.0,0.5,11.0,68.15386215791496
10.760346839541409,0.38149608706012345,8.006540915285976,8,50.0,1.0,0.0,0.75,10.0,56.74169108176767
2.7528303817395936,0.14664591530182772,10.27450775315435,8,50.0,0.0,0.0,0.5,6.0,54.6562617266744
0.9622493487097158,0.05523846474293502,10.94547973449178,8,50.0,0.0,0.0,0.5,6.0,56.09979699575747
18.971003114496842,0.45723850476189165,8.37909665840575,8,50.0,0.0,0.0,0.5,6.0,56.165705569576645
10.41424230846335,0.30281885732581254,8.87925915896714,8,50.0,2.0,0.0,1.0,8.0,53.33555846500109
11.36571708539495,0.10780033257466197,10.700529482665202,8,50.0,1.0,0.0,0.5,19.0,25.084485352514445
28.352290179615075,0.7111532922392096,7.279070468521373,8,50.0,2.0,0.0,0.75,0.0,109.24598876857688
15.128389508269935,0.1361717303906994,11.051669817705168,8,50.0,2.0,0.0,0.75,5.0,73.01555039787485
28.69883919357001,0.6549811224394714,6.652719872523905,8,50.0,2.0,1.0,0.75,11.0,49.32983353410698
4.8996596931213485,0.25459305630875184,9.44455218867829,8,50.0,2.0,0.0,1.0,10.0,48.27635588256595
2.939422656481624,0.11027284653589313,10.684562187904033,8,50.0,2.0,1.0,0.75,11.0,60.377381459910076
6.023695089311592,0.1267025924350468,11.1872372349233,8,50.0,0.0,0.0,1.0,21.0,58.25807136848815
12.981916628167411,0.4077132525566183,9.754222019079098,8,50.0,2.0,0.0,0.5,1.0,40.05346774240181
1.8619157716379549,0.06796052492479884,11.594202616426303,8,50.0,2.0,0.0,0.75,17.0,67.99041798950682
5.948014446188944,0.3217351277568273,9.933746336033058,8,50.0,1.0,0.0,1.0,22.0,55.44958784357893
1.7783183125486084,0.083234241410608,11.156166951493978,8,50.0,1.0,0.0,0.5,19.0,22.99359682201779
1.3093367514171057,0.036968543857095186,11.760502752163003,8,50.0,1.0,1.0,0.75,11.0,39.88731791045694
5.562612486869055,0.20992703896796508,9.815079315977894,8,50.0,2.0,1.0,0.5,11.0,51.79539041568351
6.60041362482167,0.16567416483686212,10.79733916119084,8,50.0,2.0,0.0,0.5,7.0,23.470182906875564
3.0427252014493935,0.18752507477590522,10.052879567158984,8,50.0,1.0,0.0,0.5,10.0,38.03306846050176
5.687417665474003,0.2099460838656976,10.097931310430099,8,50.0,2.0,1.0,0.5,11.0,70.41283543899547
3.553601388639172,0.08143375939866285,11.087341237201946,8,50.0,1.0,0.0,0.5,19.0,9.430159918633246
8.414220340555929,0.38340119448204313,8.690983796480337,8,50.0,1.0,0.0,0.5,16.0,59.85989157992094
18.711776072965836,0.4163174707807824,8.661621775388685,8,50.0,0.0,0.0,0.5,25.0,69.6811462069024
2.3421030083985825,0.08514775362959304,10.979765754118263,8,50.0,1.0,0.0,0.5,19.0,22.694224872573013
10.639287894229916,0.41606102139116236,8.298273989847091,8,50.0,2.0,1.0,0.75,11.0,43.39857421627341
5.895028586890244,0.21880594081615684,10.283860529855573,8,50.0,2.0,0.0,0.5,5.0,49.6064315417128
